CNPJ-ID,CNPJ
0,***.00.000/****-24
1,***.00.000/****-90
2,***.00.000/****-91
3,***.00.013/****-90
4,***.00.062/****-70
5,***.00.064/****-61
6,***.00.071/****-21
7,***.00.077/****-57
8,***.00.086/****-84
9,***.00.090/****-52
10,***.00.095/****-72
11,***.00.108/****-90
12,***.00.113/****-57
13,***.00.114/****-03
14,***.00.121/****-80
15,***.00.122/****-84
16,***.00.124/****-40
17,***.00.125/****-52
18,***.00.133/****-26
19,***.00.136/****-06
20,***.00.143/****-46
21,***.00.155/****-28
22,***.00.158/****-37
23,***.00.176/****-57
24,***.00.186/****-70
25,***.00.188/****-18
26,***.00.195/****-74
27,***.00.200/****-33
28,***.00.204/****-20
29,***.00.205/****-02
30,***.00.212/****-13
31,***.00.254/****-82
32,***.00.276/****-20
33,***.00.280/****-52
34,***.00.284/****-52
35,***.00.288/****-88
36,***.00.290/****-30
37,***.00.291/****-16
38,***.00.291/****-35
39,***.00.291/****-54
40,***.00.318/****-25
41,***.00.321/****-66
42,***.00.324/****-50
43,***.00.328/****-89
44,***.00.331/****-54
45,***.00.351/****-24
46,***.00.352/****-01
47,***.00.360/****-04
48,***.00.372/****-22
49,***.00.375/****-20
50,***.00.375/****-60
51,***.00.394/****-01
52,***.00.394/****-33
53,***.00.394/****-50
54,***.00.394/****-87
55,***.00.398/****-02
56,***.00.408/****-08
57,***.00.408/****-48
58,***.00.411/****-38
59,***.00.415/****-41
60,***.00.419/****-58
61,***.00.433/****-03
62,***.00.433/****-08
63,***.00.434/****-08
64,***.00.436/****-26
65,***.00.436/****-70
66,***.00.466/****-53
67,***.00.474/****-02
68,***.00.474/****-62
69,***.00.476/****-08
70,***.00.480/****-60
71,***.00.481/****-01
72,***.00.481/****-32
73,***.00.528/****-50
74,***.00.529/****-02
75,***.00.543/****-80
76,***.00.565/****-19
77,***.00.566/****-65
78,***.00.567/****-07
79,***.00.590/****-00
80,***.00.596/****-10
81,***.00.597/****-88
82,***.00.602/****-90
83,***.00.607/****-84
84,***.00.611/****-28
85,***.00.623/****-73
86,***.00.625/****-61
87,***.00.627/****-60
88,***.00.628/****-10
89,***.00.630/****-39
90,***.00.631/****-00
91,***.00.651/****-89
92,***.00.665/****-24
93,***.00.676/****-06
94,***.00.687/****-41
95,***.00.705/****-94
96,***.00.716/****-71
97,***.00.717/****-59
98,***.00.765/****-30
99,***.00.769/****-65
100,***.00.776/****-56
101,***.00.776/****-60
102,***.00.777/****-16
103,***.00.782/****-34
104,***.00.796/****-03
105,***.00.796/****-75
106,***.00.796/****-83
107,***.00.799/****-89
108,***.00.802/****-13
109,***.00.804/****-72
110,***.00.817/****-80
111,***.00.831/****-06
112,***.00.835/****-08
113,***.00.837/****-05
114,***.00.838/****-92
115,***.00.839/****-66
116,***.00.841/****-44
117,***.00.868/****-46
118,***.00.885/****-56
119,***.00.898/****-02
120,***.00.901/****-89
121,***.00.935/****-27
122,***.00.935/****-46
123,***.00.945/****-70
124,***.00.947/****-80
125,***.00.959/****-33
126,***.00.977/****-06
127,***.00.980/****-43
128,***.00.983/****-60
129,***.00.989/****-59
130,***.00.994/****-82
131,***.00.998/****-97
132,***.01.005/****-64
133,***.01.013/****-28
134,***.01.013/****-94
135,***.01.021/****-40
136,***.01.025/****-87
137,***.01.036/****-99
138,***.01.039/****-80
139,***.01.040/****-32
140,***.01.046/****-35
141,***.01.050/****-23
142,***.01.079/****-16
143,***.01.081/****-60
144,***.01.081/****-65
145,***.01.088/****-74
146,***.01.095/****-00
147,***.01.103/****-88
148,***.01.104/****-75
149,***.01.115/****-00
150,***.01.125/****-95
151,***.01.145/****-97
152,***.01.146/****-38
153,***.01.171/****-64
154,***.01.173/****-03
155,***.01.191/****-60
156,***.01.193/****-30
157,***.01.193/****-55
158,***.01.194/****-09
159,***.01.196/****-86
160,***.01.197/****-80
161,***.01.202/****-57
162,***.01.214/****-29
163,***.01.223/****-77
164,***.01.239/****-55
165,***.01.244/****-40
166,***.01.253/****-87
167,***.01.259/****-14
168,***.01.261/****-79
169,***.01.272/****-05
170,***.01.273/****-00
171,***.01.275/****-46
172,***.01.277/****-32
173,***.01.291/****-02
174,***.01.311/****-90
175,***.01.312/****-33
176,***.01.312/****-98
177,***.01.316/****-08
178,***.01.316/****-27
179,***.01.334/****-20
180,***.01.334/****-90
181,***.01.335/****-44
182,***.01.363/****-83
183,***.01.381/****-00
184,***.01.381/****-76
185,***.01.382/****-96
186,***.01.385/****-71
187,***.01.390/****-07
188,***.01.405/****-13
189,***.01.437/****-57
190,***.01.439/****-40
191,***.01.447/****-08
192,***.01.447/****-10
193,***.01.452/****-82
194,***.01.459/****-04
195,***.01.475/****-00
196,***.01.483/****-37
197,***.01.487/****-17
198,***.01.490/****-73
199,***.01.490/****-96
200,***.01.501/****-52
201,***.01.503/****-80
202,***.01.516/****-90
203,***.01.524/****-04
204,***.01.527/****-45
205,***.01.534/****-69
206,***.01.534/****-88
207,***.01.547/****-69
208,***.01.547/****-98
209,***.01.549/****-70
210,***.01.553/****-43
211,***.01.554/****-56
212,***.01.554/****-75
213,***.01.555/****-74
214,***.01.557/****-79
215,***.01.590/****-64
216,***.01.592/****-08
217,***.01.597/****-33
218,***.01.602/****-34
219,***.01.607/****-01
220,***.01.608/****-05
221,***.01.608/****-34
222,***.01.616/****-39
223,***.01.618/****-09
224,***.01.618/****-20
225,***.01.620/****-32
226,***.01.622/****-49
227,***.01.624/****-86
228,***.01.629/****-08
229,***.01.632/****-69
230,***.01.639/****-90
231,***.01.640/****-76
232,***.01.654/****-05
233,***.01.672/****-85
234,***.01.675/****-69
235,***.01.682/****-12
236,***.01.693/****-54
237,***.01.698/****-01
238,***.01.701/****-77
239,***.01.706/****-61
240,***.01.708/****-34
241,***.01.708/****-87
242,***.01.713/****-79
243,***.01.714/****-81
244,***.01.715/****-02
245,***.01.722/****-17
246,***.01.731/****-80
247,***.01.737/****-36
248,***.01.771/****-15
249,***.01.784/****-95
250,***.01.788/****-00
251,***.01.788/****-67
252,***.01.795/****-10
253,***.01.819/****-90
254,***.01.834/****-46
255,***.01.838/****-27
256,***.01.864/****-70
257,***.01.873/****-16
258,***.01.886/****-24
259,***.01.890/****-49
260,***.01.893/****-88
261,***.01.901/****-02
262,***.01.921/****-22
263,***.01.925/****-40
264,***.01.935/****-20
265,***.01.946/****-17
266,***.01.947/****-77
267,***.01.949/****-54
268,***.01.952/****-41
269,***.01.961/****-18
270,***.01.963/****-06
271,***.01.964/****-14
272,***.01.966/****-62
273,***.01.969/****-19
274,***.01.980/****-97
275,***.01.984/****-57
276,***.01.987/****-98
277,***.01.999/****-20
278,***.02.010/****-99
279,***.02.012/****-60
280,***.02.022/****-54
281,***.02.030/****-12
282,***.02.030/****-37
283,***.02.035/****-09
284,***.02.035/****-60
285,***.02.041/****-27
286,***.02.046/****-73
287,***.02.053/****-31
288,***.02.074/****-55
289,***.02.093/****-70
290,***.02.105/****-33
291,***.02.106/****-20
292,***.02.114/****-59
293,***.02.120/****-37
294,***.02.123/****-06
295,***.02.124/****-67
296,***.02.138/****-11
297,***.02.139/****-06
298,***.02.156/****-57
299,***.02.162/****-40
300,***.02.165/****-86
301,***.02.168/****-91
302,***.02.223/****-09
303,***.02.223/****-38
304,***.02.223/****-68
305,***.02.223/****-69
306,***.02.224/****-25
307,***.02.224/****-66
308,***.02.224/****-90
309,***.02.228/****-85
310,***.02.236/****-09
311,***.02.243/****-63
312,***.02.258/****-81
313,***.02.258/****-96
314,***.02.259/****-06
315,***.02.280/****-67
316,***.02.293/****-00
317,***.02.300/****-80
318,***.02.323/****-05
319,***.02.331/****-64
320,***.02.333/****-35
321,***.02.337/****-67
322,***.02.338/****-71
323,***.02.351/****-52
324,***.02.352/****-88
325,***.02.354/****-34
326,***.02.370/****-47
327,***.02.371/****-08
328,***.02.395/****-20
329,***.02.402/****-82
330,***.02.403/****-34
331,***.02.421/****-26
332,***.02.422/****-30
333,***.02.449/****-49
334,***.02.455/****-21
335,***.02.455/****-31
336,***.02.470/****-37
337,***.02.483/****-08
338,***.02.492/****-04
339,***.02.493/****-68
340,***.02.518/****-86
341,***.02.536/****-01
342,***.02.539/****-70
343,***.02.541/****-56
344,***.02.542/****-16
345,***.02.542/****-49
346,***.02.552/****-30
347,***.02.553/****-86
348,***.02.558/****-34
349,***.02.558/****-62
350,***.02.559/****-14
351,***.02.566/****-71
352,***.02.604/****-11
353,***.02.618/****-12
354,***.02.638/****-04
355,***.02.639/****-89
356,***.02.640/****-35
357,***.02.640/****-70
358,***.02.645/****-99
359,***.02.648/****-05
360,***.02.649/****-20
361,***.02.654/****-17
362,***.02.664/****-91
363,***.02.678/****-72
364,***.02.685/****-22
365,***.02.700/****-25
366,***.02.707/****-56
367,***.02.717/****-80
368,***.02.719/****-24
369,***.02.719/****-86
370,***.02.734/****-53
371,***.02.738/****-32
372,***.02.741/****-17
373,***.02.746/****-46
374,***.02.747/****-50
375,***.02.755/****-09
376,***.02.759/****-49
377,***.02.768/****-24
378,***.02.768/****-94
379,***.02.781/****-07
380,***.02.787/****-26
381,***.02.789/****-78
382,***.02.817/****-77
383,***.02.818/****-39
384,***.02.824/****-80
385,***.02.827/****-86
386,***.02.829/****-26
387,***.02.835/****-89
388,***.02.836/****-06
389,***.02.845/****-20
390,***.02.856/****-59
391,***.02.856/****-82
392,***.02.857/****-32
393,***.02.861/****-80
394,***.02.870/****-10
395,***.02.876/****-66
396,***.02.880/****-49
397,***.02.885/****-03
398,***.02.886/****-64
399,***.02.892/****-81
400,***.02.900/****-49
401,***.02.905/****-04
402,***.02.908/****-58
403,***.02.918/****-60
404,***.02.919/****-86
405,***.02.928/****-58
406,***.02.930/****-80
407,***.02.932/****-08
408,***.02.948/****-30
409,***.02.952/****-81
410,***.02.957/****-21
411,***.02.962/****-76
412,***.02.963/****-74
413,***.02.978/****-07
414,***.02.981/****-27
415,***.02.995/****-15
416,***.02.995/****-21
417,***.03.001/****-30
418,***.03.001/****-46
419,***.03.001/****-71
420,***.03.002/****-40
421,***.03.009/****-23
422,***.03.010/****-36
423,***.03.024/****-15
424,***.03.030/****-55
425,***.03.048/****-76
426,***.03.050/****-23
427,***.03.062/****-01
428,***.03.069/****-48
429,***.03.084/****-84
430,***.03.085/****-45
431,***.03.099/****-07
432,***.03.112/****-11
433,***.03.115/****-91
434,***.03.118/****-63
435,***.03.128/****-30
436,***.03.130/****-24
437,***.03.156/****-40
438,***.03.165/****-58
439,***.03.171/****-18
440,***.03.172/****-08
441,***.03.175/****-39
442,***.03.183/****-55
443,***.03.184/****-13
444,***.03.184/****-26
445,***.03.187/****-10
446,***.03.188/****-09
447,***.03.189/****-34
448,***.03.191/****-23
449,***.03.195/****-30
450,***.03.207/****-60
451,***.03.225/****-40
452,***.03.235/****-70
453,***.03.237/****-48
454,***.03.245/****-45
455,***.03.248/****-04
456,***.03.248/****-25
457,***.03.256/****-90
458,***.03.259/****-50
459,***.03.262/****-41
460,***.03.267/****-38
461,***.03.276/****-81
462,***.03.279/****-80
463,***.03.290/****-06
464,***.03.293/****-12
465,***.03.353/****-03
466,***.03.363/****-50
467,***.03.369/****-53
468,***.03.373/****-10
469,***.03.405/****-40
470,***.03.407/****-84
471,***.03.410/****-01
472,***.03.410/****-72
473,***.03.414/****-07
474,***.03.414/****-18
475,***.03.420/****-95
476,***.03.437/****-64
477,***.03.449/****-40
478,***.03.454/****-02
479,***.03.454/****-25
480,***.03.456/****-60
481,***.03.471/****-68
482,***.03.474/****-99
483,***.03.475/****-14
484,***.03.485/****-70
485,***.03.492/****-16
486,***.03.501/****-03
487,***.03.502/****-18
488,***.03.509/****-33
489,***.03.510/****-95
490,***.03.519/****-13
491,***.03.523/****-49
492,***.03.524/****-06
493,***.03.524/****-67
494,***.03.531/****-00
495,***.03.531/****-17
496,***.03.542/****-90
497,***.03.578/****-41
498,***.03.586/****-28
499,***.03.593/****-67
500,***.03.596/****-54
501,***.03.600/****-05
502,***.03.606/****-11
503,***.03.608/****-06
504,***.03.611/****-07
505,***.03.612/****-27
506,***.03.628/****-64
507,***.03.635/****-22
508,***.03.636/****-42
509,***.03.637/****-84
510,***.03.648/****-08
511,***.03.648/****-74
512,***.03.648/****-95
513,***.03.653/****-28
514,***.03.657/****-56
515,***.03.659/****-41
516,***.03.672/****-62
517,***.03.673/****-36
518,***.03.684/****-53
519,***.03.715/****-00
520,***.03.723/****-79
521,***.03.727/****-04
522,***.03.729/****-65
523,***.03.734/****-04
524,***.03.734/****-08
525,***.03.740/****-18
526,***.03.745/****-28
527,***.03.750/****-52
528,***.03.762/****-05
529,***.03.768/****-57
530,***.03.768/****-61
531,***.03.773/****-67
532,***.03.778/****-68
533,***.03.779/****-09
534,***.03.809/****-91
535,***.03.816/****-27
536,***.03.816/****-57
537,***.03.817/****-10
538,***.03.827/****-50
539,***.03.828/****-01
540,***.03.831/****-42
541,***.03.837/****-98
542,***.03.854/****-84
543,***.03.854/****-87
544,***.03.858/****-48
545,***.03.866/****-18
546,***.03.867/****-82
547,***.03.874/****-77
548,***.03.919/****-41
549,***.03.922/****-01
550,***.03.936/****-01
551,***.03.936/****-59
552,***.03.938/****-61
553,***.03.942/****-93
554,***.03.951/****-66
555,***.03.954/****-86
556,***.03.961/****-69
557,***.03.970/****-30
558,***.03.977/****-94
559,***.03.983/****-15
560,***.03.987/****-05
561,***.03.988/****-81
562,***.03.990/****-70
563,***.03.991/****-60
564,***.03.996/****-07
565,***.03.996/****-08
566,***.04.003/****-35
567,***.04.006/****-57
568,***.04.011/****-23
569,***.04.021/****-76
570,***.04.027/****-60
571,***.04.028/****-68
572,***.04.030/****-17
573,***.04.030/****-19
574,***.04.031/****-01
575,***.04.033/****-80
576,***.04.039/****-73
577,***.04.044/****-08
578,***.04.046/****-06
579,***.04.057/****-75
580,***.04.059/****-36
581,***.04.063/****-32
582,***.04.065/****-00
583,***.04.067/****-10
584,***.04.068/****-67
585,***.04.070/****-34
586,***.04.074/****-78
587,***.04.083/****-02
588,***.04.089/****-42
589,***.04.094/****-23
590,***.04.095/****-10
591,***.04.096/****-54
592,***.04.101/****-86
593,***.04.104/****-61
594,***.04.121/****-06
595,***.04.122/****-34
596,***.04.122/****-61
597,***.04.125/****-55
598,***.04.128/****-78
599,***.04.149/****-74
600,***.04.150/****-07
601,***.04.154/****-66
602,***.04.154/****-81
603,***.04.156/****-81
604,***.04.159/****-00
605,***.04.160/****-03
606,***.04.162/****-03
607,***.04.162/****-66
608,***.04.164/****-50
609,***.04.164/****-59
610,***.04.167/****-20
611,***.04.183/****-00
612,***.04.186/****-15
613,***.04.190/****-30
614,***.04.191/****-00
615,***.04.196/****-48
616,***.04.206/****-50
617,***.04.207/****-40
618,***.04.212/****-58
619,***.04.219/****-40
620,***.04.219/****-45
621,***.04.226/****-04
622,***.04.232/****-10
623,***.04.234/****-90
624,***.04.245/****-70
625,***.04.246/****-56
626,***.04.253/****-85
627,***.04.259/****-00
628,***.04.260/****-32
629,***.04.274/****-53
630,***.04.282/****-03
631,***.04.285/****-19
632,***.04.292/****-09
633,***.04.292/****-14
634,***.04.298/****-41
635,***.04.301/****-73
636,***.04.306/****-06
637,***.04.325/****-42
638,***.04.330/****-30
639,***.04.331/****-17
640,***.04.331/****-43
641,***.04.331/****-54
642,***.04.337/****-49
643,***.04.350/****-46
644,***.04.362/****-07
645,***.04.364/****-63
646,***.04.364/****-90
647,***.04.366/****-26
648,***.04.370/****-78
649,***.04.374/****-77
650,***.04.375/****-91
651,***.04.404/****-70
652,***.04.433/****-03
653,***.04.437/****-20
654,***.04.437/****-40
655,***.04.457/****-27
656,***.04.459/****-00
657,***.04.463/****-71
658,***.04.476/****-56
659,***.04.477/****-15
660,***.04.487/****-00
661,***.04.500/****-45
662,***.04.502/****-59
663,***.04.513/****-03
664,***.04.516/****-94
665,***.04.539/****-03
666,***.04.541/****-60
667,***.04.546/****-59
668,***.04.558/****-63
669,***.04.562/****-60
670,***.04.571/****-68
671,***.04.583/****-41
672,***.04.595/****-86
673,***.04.597/****-35
674,***.04.597/****-61
675,***.04.598/****-05
676,***.04.614/****-23
677,***.04.614/****-29
678,***.04.626/****-07
679,***.04.640/****-04
680,***.04.642/****-06
681,***.04.643/****-50
682,***.04.646/****-01
683,***.04.646/****-02
684,***.04.646/****-40
685,***.04.651/****-51
686,***.04.657/****-92
687,***.04.664/****-74
688,***.04.665/****-08
689,***.04.669/****-08
690,***.04.685/****-42
691,***.04.689/****-26
692,***.04.696/****-72
693,***.04.698/****-00
694,***.04.698/****-86
695,***.04.708/****-66
696,***.04.710/****-50
697,***.04.727/****-08
698,***.04.735/****-27
699,***.04.740/****-98
700,***.04.744/****-21
701,***.04.750/****-67
702,***.04.752/****-49
703,***.04.756/****-14
704,***.04.756/****-49
705,***.04.781/****-98
706,***.04.784/****-01
707,***.04.784/****-15
708,***.04.786/****-91
709,***.04.788/****-31
710,***.04.796/****-10
711,***.04.801/****-01
712,***.04.830/****-97
713,***.04.842/****-35
714,***.04.844/****-41
715,***.04.857/****-15
716,***.04.859/****-49
717,***.04.865/****-56
718,***.04.869/****-89
719,***.04.883/****-93
720,***.04.884/****-05
721,***.04.887/****-17
722,***.04.889/****-48
723,***.04.890/****-69
724,***.04.899/****-88
725,***.04.900/****-68
726,***.04.901/****-29
727,***.04.903/****-03
728,***.04.906/****-15
729,***.04.918/****-78
730,***.04.919/****-97
731,***.04.926/****-50
732,***.04.931/****-33
733,***.04.934/****-65
734,***.04.937/****-01
735,***.04.939/****-09
736,***.04.944/****-53
737,***.04.956/****-05
738,***.04.970/****-64
739,***.04.973/****-30
740,***.04.974/****-06
741,***.04.979/****-09
742,***.04.980/****-05
743,***.04.980/****-14
744,***.04.980/****-52
745,***.04.980/****-58
746,***.04.980/****-86
747,***.04.981/****-00
748,***.04.984/****-29
749,***.04.988/****-69
750,***.04.989/****-21
751,***.05.000/****-61
752,***.05.007/****-52
753,***.05.009/****-33
754,***.05.010/****-00
755,***.05.036/****-26
756,***.05.044/****-01
757,***.05.044/****-70
758,***.05.045/****-84
759,***.05.051/****-33
760,***.05.054/****-60
761,***.05.055/****-29
762,***.05.057/****-35
763,***.05.057/****-90
764,***.05.058/****-65
765,***.05.058/****-71
766,***.05.061/****-27
767,***.05.063/****-54
768,***.05.075/****-01
769,***.05.091/****-03
770,***.05.094/****-08
771,***.05.099/****-71
772,***.05.103/****-95
773,***.05.111/****-44
774,***.05.120/****-88
775,***.05.124/****-73
776,***.05.136/****-29
777,***.05.150/****-85
778,***.05.153/****-83
779,***.05.155/****-90
780,***.05.158/****-06
781,***.05.161/****-61
782,***.05.163/****-34
783,***.05.192/****-61
784,***.05.202/****-10
785,***.05.202/****-88
786,***.05.207/****-45
787,***.05.209/****-13
788,***.05.210/****-98
789,***.05.212/****-45
790,***.05.214/****-92
791,***.05.216/****-88
792,***.05.217/****-27
793,***.05.218/****-00
794,***.05.220/****-25
795,***.05.221/****-43
796,***.05.241/****-07
797,***.05.245/****-21
798,***.05.245/****-66
799,***.05.247/****-35
800,***.05.250/****-54
801,***.05.261/****-93
802,***.05.270/****-14
803,***.05.275/****-61
804,***.05.282/****-80
805,***.05.283/****-79
806,***.05.288/****-02
807,***.05.290/****-52
808,***.05.294/****-73
809,***.05.295/****-31
810,***.05.298/****-69
811,***.05.301/****-04
812,***.05.305/****-01
813,***.05.309/****-03
814,***.05.309/****-75
815,***.05.310/****-45
816,***.05.312/****-34
817,***.05.314/****-74
818,***.05.321/****-97
819,***.05.324/****-35
820,***.05.328/****-80
821,***.05.329/****-76
822,***.05.330/****-62
823,***.05.331/****-46
824,***.05.334/****-76
825,***.05.335/****-71
826,***.05.342/****-52
827,***.05.344/****-44
828,***.05.364/****-38
829,***.05.369/****-43
830,***.05.371/****-96
831,***.05.377/****-55
832,***.05.382/****-13
833,***.05.384/****-35
834,***.05.391/****-87
835,***.05.403/****-57
836,***.05.410/****-36
837,***.05.415/****-48
838,***.05.415/****-99
839,***.05.421/****-55
840,***.05.423/****-11
841,***.05.423/****-14
842,***.05.424/****-18
843,***.05.427/****-63
844,***.05.428/****-51
845,***.05.436/****-18
846,***.05.437/****-00
847,***.05.437/****-69
848,***.05.441/****-63
849,***.05.452/****-60
850,***.05.460/****-16
851,***.05.461/****-90
852,***.05.463/****-60
853,***.05.467/****-11
854,***.05.467/****-92
855,***.05.469/****-22
856,***.05.481/****-78
857,***.05.482/****-57
858,***.05.489/****-96
859,***.05.492/****-00
860,***.05.496/****-70
861,***.05.502/****-11
862,***.05.505/****-62
863,***.05.506/****-36
864,***.05.529/****-21
865,***.05.534/****-08
866,***.05.538/****-64
867,***.05.538/****-92
868,***.05.555/****-33
869,***.05.559/****-45
870,***.05.559/****-54
871,***.05.560/****-96
872,***.05.564/****-99
873,***.05.570/****-59
874,***.05.572/****-59
875,***.05.572/****-74
876,***.05.573/****-36
877,***.05.575/****-04
878,***.05.581/****-90
879,***.05.588/****-03
880,***.05.598/****-86
881,***.05.599/****-52
882,***.05.603/****-36
883,***.05.614/****-40
884,***.05.618/****-06
885,***.05.624/****-26
886,***.05.631/****-85
887,***.05.652/****-06
888,***.05.670/****-06
889,***.05.676/****-13
890,***.05.677/****-96
891,***.05.678/****-16
892,***.05.680/****-26
893,***.05.682/****-02
894,***.05.684/****-03
895,***.05.684/****-69
896,***.05.686/****-12
897,***.05.701/****-14
898,***.05.702/****-05
899,***.05.702/****-32
900,***.05.705/****-99
901,***.05.722/****-80
902,***.05.728/****-33
903,***.05.730/****-93
904,***.05.738/****-00
905,***.05.746/****-48
906,***.05.749/****-60
907,***.05.761/****-21
908,***.05.770/****-04
909,***.05.770/****-86
910,***.05.772/****-00
911,***.05.781/****-89
912,***.05.784/****-77
913,***.05.786/****-63
914,***.05.794/****-15
915,***.05.808/****-44
916,***.05.811/****-02
917,***.05.812/****-96
918,***.05.813/****-60
919,***.05.823/****-43
920,***.05.830/****-90
921,***.05.848/****-10
922,***.05.856/****-94
923,***.05.856/****-98
924,***.05.857/****-80
925,***.05.864/****-88
926,***.05.866/****-00
927,***.05.868/****-07
928,***.05.868/****-29
929,***.05.869/****-06
930,***.05.869/****-35
931,***.05.869/****-70
932,***.05.872/****-96
933,***.05.874/****-03
934,***.05.875/****-35
935,***.05.908/****-03
936,***.05.909/****-00
937,***.05.910/****-77
938,***.05.917/****-20
939,***.05.917/****-26
940,***.05.920/****-59
941,***.05.921/****-89
942,***.05.927/****-95
943,***.05.931/****-18
944,***.05.936/****-60
945,***.05.938/****-45
946,***.05.952/****-42
947,***.05.952/****-82
948,***.05.979/****-42
949,***.05.993/****-93
950,***.05.996/****-01
951,***.05.996/****-84
952,***.06.001/****-12
953,***.06.001/****-75
954,***.06.005/****-85
955,***.06.007/****-12
956,***.06.007/****-40
957,***.06.008/****-24
958,***.06.012/****-33
959,***.06.015/****-04
960,***.06.015/****-37
961,***.06.015/****-41
962,***.06.017/****-43
963,***.06.018/****-40
964,***.06.018/****-44
965,***.06.021/****-00
966,***.06.022/****-30
967,***.06.023/****-67
968,***.06.032/****-36
969,***.06.036/****-92
970,***.06.042/****-13
971,***.06.044/****-07
972,***.06.044/****-96
973,***.06.045/****-00
974,***.06.045/****-45
975,***.06.045/****-59
976,***.06.050/****-28
977,***.06.053/****-36
978,***.06.055/****-28
979,***.06.057/****-02
980,***.06.061/****-39
981,***.06.061/****-95
982,***.06.063/****-89
983,***.06.068/****-91
984,***.06.073/****-65
985,***.06.074/****-34
986,***.06.088/****-10
987,***.06.088/****-38
988,***.06.095/****-31
989,***.06.098/****-69
990,***.06.099/****-95
991,***.06.104/****-24
992,***.06.105/****-65
993,***.06.107/****-45
994,***.06.108/****-02
995,***.06.126/****-02
996,***.06.132/****-03
997,***.06.133/****-18
998,***.06.133/****-59
999,***.06.135/****-87
1000,***.06.142/****-50
1001,***.06.145/****-10
1002,***.06.146/****-01
1003,***.06.164/****-05
1004,***.06.166/****-20
1005,***.06.172/****-71
1006,***.06.181/****-53
1007,***.06.182/****-61
1008,***.06.183/****-01
1009,***.06.190/****-34
1010,***.06.191/****-00
1011,***.06.200/****-41
1012,***.06.209/****-68
1013,***.06.212/****-41
1014,***.06.215/****-80
1015,***.06.220/****-38
1016,***.06.242/****-98
1017,***.06.246/****-26
1018,***.06.246/****-50
1019,***.06.258/****-12
1020,***.06.259/****-01
1021,***.06.263/****-81
1022,***.06.267/****-17
1023,***.06.278/****-87
1024,***.06.293/****-89
1025,***.06.296/****-43
1026,***.06.296/****-98
1027,***.06.306/****-44
1028,***.06.317/****-37
1029,***.06.329/****-70
1030,***.06.331/****-62
1031,***.06.337/****-95
1032,***.06.339/****-87
1033,***.06.342/****-54
1034,***.06.349/****-00
1035,***.06.349/****-60
1036,***.06.349/****-63
1037,***.06.369/****-83
1038,***.06.537/****-06
1039,***.06.552/****-02
1040,***.06.562/****-60
1041,***.06.573/****-06
1042,***.06.573/****-22
1043,***.06.573/****-32
1044,***.06.573/****-61
1045,***.06.573/****-78
1046,***.06.589/****-75
1047,***.06.599/****-27
1048,***.06.626/****-47
1049,***.06.635/****-71
1050,***.06.640/****-75
1051,***.06.643/****-86
1052,***.06.709/****-72
1053,***.06.743/****-67
1054,***.06.766/****-81
1055,***.06.800/****-99
1056,***.06.813/****-20
1057,***.06.813/****-58
1058,***.06.822/****-23
1059,***.06.828/****-55
1060,***.06.828/****-77
1061,***.06.860/****-81
1062,***.06.864/****-58
1063,***.06.867/****-32
1064,***.06.870/****-54
1065,***.06.880/****-61
1066,***.06.887/****-71
1067,***.06.888/****-60
1068,***.06.888/****-97
1069,***.06.891/****-26
1070,***.06.891/****-64
1071,***.06.912/****-80
1072,***.06.913/****-06
1073,***.06.916/****-63
1074,***.06.925/****-61
1075,***.06.926/****-95
1076,***.06.927/****-51
1077,***.06.929/****-25
1078,***.06.933/****-41
1079,***.06.936/****-79
1080,***.06.939/****-29
1081,***.06.939/****-45
1082,***.06.941/****-05
1083,***.06.954/****-14
1084,***.06.954/****-26
1085,***.06.956/****-90
1086,***.06.959/****-90
1087,***.06.962/****-24
1088,***.06.969/****-89
1089,***.06.987/****-54
1090,***.06.996/****-97
1091,***.07.000/****-39
1092,***.07.015/****-25
1093,***.07.027/****-28
1094,***.07.029/****-04
1095,***.07.033/****-52
1096,***.07.039/****-22
1097,***.07.040/****-57
1098,***.07.041/****-08
1099,***.07.045/****-20
1100,***.07.047/****-28
1101,***.07.047/****-70
1102,***.07.052/****-09
1103,***.07.055/****-90
1104,***.07.060/****-12
1105,***.07.069/****-40
1106,***.07.072/****-91
1107,***.07.074/****-22
1108,***.07.080/****-49
1109,***.07.084/****-78
1110,***.07.092/****-30
1111,***.07.093/****-06
1112,***.07.093/****-41
1113,***.07.095/****-99
1114,***.07.107/****-35
1115,***.07.109/****-03
1116,***.07.110/****-02
1117,***.07.121/****-40
1118,***.07.124/****-61
1119,***.07.125/****-35
1120,***.07.129/****-01
1121,***.07.132/****-08
1122,***.07.133/****-86
1123,***.07.135/****-50
1124,***.07.135/****-95
1125,***.07.137/****-35
1126,***.07.144/****-73
1127,***.07.151/****-17
1128,***.07.152/****-00
1129,***.07.154/****-36
1130,***.07.157/****-30
1131,***.07.163/****-55
1132,***.07.166/****-31
1133,***.07.169/****-87
1134,***.07.170/****-02
1135,***.07.175/****-31
1136,***.07.175/****-45
1137,***.07.175/****-84
1138,***.07.177/****-82
1139,***.07.179/****-57
1140,***.07.180/****-94
1141,***.07.182/****-48
1142,***.07.189/****-08
1143,***.07.193/****-80
1144,***.07.194/****-17
1145,***.07.195/****-99
1146,***.07.196/****-00
1147,***.07.196/****-20
1148,***.07.197/****-98
1149,***.07.198/****-16
1150,***.07.198/****-88
1151,***.07.200/****-62
1152,***.07.201/****-11
1153,***.07.201/****-82
1154,***.07.202/****-00
1155,***.07.202/****-76
1156,***.07.202/****-93
1157,***.07.203/****-00
1158,***.07.205/****-99
1159,***.07.207/****-20
1160,***.07.207/****-38
1161,***.07.207/****-90
1162,***.07.207/****-95
1163,***.07.209/****-38
1164,***.07.210/****-56
1165,***.07.215/****-70
1166,***.07.216/****-03
1167,***.07.216/****-22
1168,***.07.217/****-56
1169,***.07.221/****-47
1170,***.07.222/****-62
1171,***.07.226/****-20
1172,***.07.226/****-99
1173,***.07.228/****-23
1174,***.07.232/****-44
1175,***.07.233/****-07
1176,***.07.235/****-30
1177,***.07.236/****-25
1178,***.07.237/****-20
1179,***.07.240/****-09
1180,***.07.240/****-10
1181,***.07.240/****-18
1182,***.07.240/****-43
1183,***.07.240/****-62
1184,***.07.240/****-68
1185,***.07.245/****-39
1186,***.07.254/****-02
1187,***.07.256/****-38
1188,***.07.256/****-69
1189,***.07.265/****-62
1190,***.07.267/****-76
1191,***.07.267/****-83
1192,***.07.270/****-20
1193,***.07.272/****-02
1194,***.07.272/****-04
1195,***.07.272/****-08
1196,***.07.272/****-29
1197,***.07.272/****-31
1198,***.07.272/****-33
1199,***.07.272/****-38
1200,***.07.272/****-57
1201,***.07.272/****-76
1202,***.07.272/****-80
1203,***.07.272/****-95
1204,***.07.274/****-44
1205,***.07.275/****-20
1206,***.07.275/****-51
1207,***.07.275/****-88
1208,***.07.278/****-04
1209,***.07.283/****-91
1210,***.07.285/****-64
1211,***.07.286/****-87
1212,***.07.288/****-58
1213,***.07.289/****-00
1214,***.07.289/****-77
1215,***.07.294/****-53
1216,***.07.301/****-40
1217,***.07.301/****-83
1218,***.07.303/****-06
1219,***.07.316/****-57
1220,***.07.324/****-02
1221,***.07.324/****-50
1222,***.07.334/****-35
1223,***.07.336/****-55
1224,***.07.337/****-96
1225,***.07.340/****-61
1226,***.07.341/****-14
1227,***.07.341/****-58
1228,***.07.342/****-04
1229,***.07.342/****-20
1230,***.07.342/****-47
1231,***.07.342/****-53
1232,***.07.342/****-59
1233,***.07.342/****-63
1234,***.07.342/****-83
1235,***.07.349/****-05
1236,***.07.358/****-78
1237,***.07.359/****-08
1238,***.07.360/****-02
1239,***.07.366/****-77
1240,***.07.368/****-35
1241,***.07.370/****-06
1242,***.07.371/****-04
1243,***.07.372/****-97
1244,***.07.373/****-86
1245,***.07.383/****-14
1246,***.07.383/****-38
1247,***.07.387/****-70
1248,***.07.390/****-80
1249,***.07.393/****-06
1250,***.07.396/****-18
1251,***.07.402/****-03
1252,***.07.404/****-18
1253,***.07.406/****-29
1254,***.07.407/****-98
1255,***.07.410/****-50
1256,***.07.410/****-53
1257,***.07.410/****-83
1258,***.07.411/****-60
1259,***.07.413/****-10
1260,***.07.413/****-84
1261,***.07.415/****-54
1262,***.07.417/****-63
1263,***.07.419/****-02
1264,***.07.430/****-17
1265,***.07.434/****-17
1266,***.07.438/****-30
1267,***.07.449/****-22
1268,***.07.450/****-10
1269,***.07.451/****-70
1270,***.07.456/****-69
1271,***.07.461/****-11
1272,***.07.467/****-37
1273,***.07.468/****-09
1274,***.07.468/****-90
1275,***.07.476/****-08
1276,***.07.480/****-11
1277,***.07.483/****-66
1278,***.07.486/****-75
1279,***.07.499/****-70
1280,***.07.513/****-59
1281,***.07.523/****-70
1282,***.07.525/****-35
1283,***.07.525/****-66
1284,***.07.527/****-99
1285,***.07.529/****-02
1286,***.07.529/****-37
1287,***.07.530/****-46
1288,***.07.532/****-06
1289,***.07.532/****-86
1290,***.07.535/****-93
1291,***.07.538/****-31
1292,***.07.541/****-05
1293,***.07.543/****-35
1294,***.07.548/****-77
1295,***.07.553/****-45
1296,***.07.553/****-87
1297,***.07.553/****-98
1298,***.07.554/****-51
1299,***.07.557/****-13
1300,***.07.557/****-65
1301,***.07.558/****-74
1302,***.07.558/****-90
1303,***.07.560/****-70
1304,***.07.561/****-08
1305,***.07.563/****-69
1306,***.07.563/****-84
1307,***.07.570/****-66
1308,***.07.573/****-55
1309,***.07.575/****-59
1310,***.07.577/****-11
1311,***.07.577/****-27
1312,***.07.585/****-97
1313,***.07.586/****-47
1314,***.07.588/****-96
1315,***.07.596/****-98
1316,***.07.598/****-91
1317,***.07.608/****-04
1318,***.07.632/****-26
1319,***.07.633/****-84
1320,***.07.637/****-55
1321,***.07.637/****-68
1322,***.07.646/****-22
1323,***.07.647/****-01
1324,***.07.647/****-73
1325,***.07.648/****-71
1326,***.07.651/****-34
1327,***.07.653/****-13
1328,***.07.658/****-07
1329,***.07.659/****-67
1330,***.07.663/****-51
1331,***.07.664/****-02
1332,***.07.667/****-11
1333,***.07.667/****-98
1334,***.07.668/****-38
1335,***.07.672/****-99
1336,***.07.674/****-91
1337,***.07.675/****-37
1338,***.07.676/****-55
1339,***.07.689/****-23
1340,***.07.691/****-90
1341,***.07.695/****-77
1342,***.07.700/****-70
1343,***.07.702/****-94
1344,***.07.715/****-06
1345,***.07.730/****-07
1346,***.07.731/****-97
1347,***.07.732/****-10
1348,***.07.737/****-24
1349,***.07.739/****-03
1350,***.07.743/****-08
1351,***.07.747/****-72
1352,***.07.748/****-62
1353,***.07.752/****-41
1354,***.07.758/****-70
1355,***.07.775/****-89
1356,***.07.778/****-10
1357,***.07.779/****-74
1358,***.07.783/****-82
1359,***.07.787/****-04
1360,***.07.789/****-62
1361,***.07.792/****-08
1362,***.07.792/****-18
1363,***.07.792/****-27
1364,***.07.792/****-50
1365,***.07.792/****-65
1366,***.07.792/****-70
1367,***.07.792/****-82
1368,***.07.793/****-58
1369,***.07.796/****-29
1370,***.07.797/****-95
1371,***.07.802/****-32
1372,***.07.803/****-53
1373,***.07.808/****-71
1374,***.07.809/****-17
1375,***.07.809/****-64
1376,***.07.812/****-94
1377,***.07.815/****-54
1378,***.07.816/****-59
1379,***.07.817/****-65
1380,***.07.818/****-04
1381,***.07.818/****-24
1382,***.07.824/****-11
1383,***.07.825/****-96
1384,***.07.827/****-87
1385,***.07.828/****-45
1386,***.07.829/****-08
1387,***.07.831/****-68
1388,***.07.833/****-71
1389,***.07.837/****-95
1390,***.07.839/****-34
1391,***.07.840/****-44
1392,***.07.842/****-82
1393,***.07.843/****-39
1394,***.07.843/****-70
1395,***.07.848/****-48
1396,***.07.849/****-32
1397,***.07.853/****-22
1398,***.07.857/****-07
1399,***.07.857/****-36
1400,***.07.857/****-75
1401,***.07.858/****-06
1402,***.07.860/****-91
1403,***.07.862/****-82
1404,***.07.868/****-02
1405,***.07.870/****-07
1406,***.07.875/****-05
1407,***.07.880/****-01
1408,***.07.885/****-40
1409,***.07.887/****-31
1410,***.07.906/****-75
1411,***.07.908/****-58
1412,***.07.910/****-78
1413,***.07.910/****-90
1414,***.07.911/****-32
1415,***.07.913/****-09
1416,***.07.915/****-14
1417,***.07.918/****-57
1418,***.07.922/****-05
1419,***.07.922/****-30
1420,***.07.924/****-32
1421,***.07.933/****-90
1422,***.07.943/****-63
1423,***.07.946/****-01
1424,***.07.950/****-57
1425,***.07.951/****-28
1426,***.07.951/****-40
1427,***.07.954/****-52
1428,***.07.954/****-60
1429,***.07.959/****-64
1430,***.07.961/****-60
1431,***.07.965/****-01
1432,***.07.965/****-05
1433,***.07.972/****-41
1434,***.07.973/****-07
1435,***.07.998/****-18
1436,***.08.002/****-91
1437,***.08.010/****-21
1438,***.08.010/****-56
1439,***.08.020/****-32
1440,***.08.020/****-54
1441,***.08.028/****-48
1442,***.08.035/****-33
1443,***.08.040/****-24
1444,***.08.046/****-85
1445,***.08.048/****-66
1446,***.08.053/****-12
1447,***.08.064/****-07
1448,***.08.075/****-44
1449,***.08.081/****-82
1450,***.08.100/****-30
1451,***.08.103/****-23
1452,***.08.106/****-96
1453,***.08.108/****-04
1454,***.08.110/****-76
1455,***.08.111/****-39
1456,***.08.117/****-67
1457,***.08.143/****-23
1458,***.08.145/****-88
1459,***.08.148/****-36
1460,***.08.149/****-28
1461,***.08.152/****-00
1462,***.08.158/****-41
1463,***.08.160/****-10
1464,***.08.175/****-05
1465,***.08.178/****-02
1466,***.08.178/****-25
1467,***.08.185/****-74
1468,***.08.185/****-87
1469,***.08.188/****-16
1470,***.08.189/****-52
1471,***.08.197/****-42
1472,***.08.201/****-69
1473,***.08.211/****-24
1474,***.08.238/****-10
1475,***.08.240/****-03
1476,***.08.249/****-31
1477,***.08.250/****-80
1478,***.08.254/****-65
1479,***.08.255/****-93
1480,***.08.257/****-70
1481,***.08.261/****-35
1482,***.08.261/****-74
1483,***.08.264/****-47
1484,***.08.269/****-09
1485,***.08.269/****-74
1486,***.08.269/****-98
1487,***.08.285/****-72
1488,***.08.289/****-71
1489,***.08.317/****-42
1490,***.08.324/****-41
1491,***.08.325/****-04
1492,***.08.325/****-17
1493,***.08.329/****-73
1494,***.08.331/****-53
1495,***.08.335/****-04
1496,***.08.335/****-43
1497,***.08.336/****-00
1498,***.08.349/****-05
1499,***.08.349/****-51
1500,***.08.389/****-74
1501,***.08.396/****-43
1502,***.08.399/****-86
1503,***.08.401/****-42
1504,***.08.410/****-90
1505,***.08.414/****-08
1506,***.08.425/****-62
1507,***.08.438/****-05
1508,***.08.440/****-30
1509,***.08.448/****-09
1510,***.08.448/****-13
1511,***.08.458/****-63
1512,***.08.463/****-86
1513,***.08.469/****-93
1514,***.08.472/****-70
1515,***.08.528/****-04
1516,***.08.530/****-31
1517,***.08.533/****-58
1518,***.08.538/****-07
1519,***.08.539/****-30
1520,***.08.576/****-99
1521,***.08.585/****-06
1522,***.08.587/****-51
1523,***.08.593/****-04
1524,***.08.596/****-07
1525,***.08.599/****-35
1526,***.08.602/****-32
1527,***.08.603/****-36
1528,***.08.614/****-50
1529,***.08.623/****-41
1530,***.08.623/****-51
1531,***.08.624/****-92
1532,***.08.638/****-71
1533,***.08.651/****-64
1534,***.08.663/****-83
1535,***.08.675/****-64
1536,***.08.688/****-30
1537,***.08.692/****-42
1538,***.08.692/****-67
1539,***.08.698/****-50
1540,***.08.700/****-12
1541,***.08.707/****-47
1542,***.08.718/****-08
1543,***.08.718/****-90
1544,***.08.721/****-50
1545,***.08.727/****-45
1546,***.08.732/****-06
1547,***.08.732/****-27
1548,***.08.737/****-36
1549,***.08.739/****-20
1550,***.08.745/****-93
1551,***.08.749/****-98
1552,***.08.760/****-42
1553,***.08.770/****-45
1554,***.08.771/****-73
1555,***.08.772/****-52
1556,***.08.774/****-62
1557,***.08.781/****-11
1558,***.08.786/****-11
1559,***.08.796/****-21
1560,***.08.800/****-79
1561,***.08.802/****-25
1562,***.08.806/****-65
1563,***.08.808/****-90
1564,***.08.824/****-19
1565,***.08.832/****-67
1566,***.08.833/****-02
1567,***.08.835/****-99
1568,***.08.840/****-52
1569,***.08.840/****-68
1570,***.08.846/****-88
1571,***.08.852/****-90
1572,***.08.859/****-18
1573,***.08.861/****-20
1574,***.08.862/****-88
1575,***.08.870/****-50
1576,***.08.876/****-99
1577,***.08.885/****-60
1578,***.08.887/****-07
1579,***.08.887/****-76
1580,***.08.889/****-21
1581,***.08.897/****-50
1582,***.08.905/****-92
1583,***.08.912/****-09
1584,***.08.920/****-18
1585,***.08.921/****-94
1586,***.08.922/****-04
1587,***.08.927/****-70
1588,***.08.935/****-37
1589,***.08.942/****-27
1590,***.08.942/****-32
1591,***.08.948/****-53
1592,***.08.951/****-18
1593,***.08.959/****-20
1594,***.08.963/****-47
1595,***.08.967/****-35
1596,***.08.972/****-56
1597,***.08.973/****-69
1598,***.08.974/****-02
1599,***.08.974/****-09
1600,***.08.979/****-88
1601,***.08.980/****-32
1602,***.08.980/****-42
1603,***.08.982/****-09
1604,***.08.989/****-03
1605,***.09.002/****-32
1606,***.09.015/****-78
1607,***.09.018/****-97
1608,***.09.019/****-77
1609,***.09.024/****-14
1610,***.09.028/****-94
1611,***.09.046/****-56
1612,***.09.054/****-10
1613,***.09.055/****-84
1614,***.09.056/****-91
1615,***.09.059/****-49
1616,***.09.060/****-00
1617,***.09.063/****-60
1618,***.09.067/****-80
1619,***.09.069/****-70
1620,***.09.077/****-57
1621,***.09.080/****-20
1622,***.09.086/****-63
1623,***.09.092/****-36
1624,***.09.099/****-08
1625,***.09.105/****-58
1626,***.09.109/****-47
1627,***.09.109/****-66
1628,***.09.112/****-58
1629,***.09.113/****-79
1630,***.09.124/****-70
1631,***.09.124/****-95
1632,***.09.134/****-93
1633,***.09.138/****-91
1634,***.09.141/****-74
1635,***.09.145/****-78
1636,***.09.148/****-51
1637,***.09.149/****-59
1638,***.09.152/****-89
1639,***.09.153/****-43
1640,***.09.154/****-29
1641,***.09.157/****-29
1642,***.09.164/****-33
1643,***.09.164/****-90
1644,***.09.170/****-86
1645,***.09.174/****-38
1646,***.09.174/****-80
1647,***.09.178/****-13
1648,***.09.182/****-40
1649,***.09.182/****-61
1650,***.09.186/****-00
1651,***.09.188/****-56
1652,***.09.189/****-26
1653,***.09.193/****-28
1654,***.09.199/****-08
1655,***.09.201/****-83
1656,***.09.204/****-19
1657,***.09.207/****-01
1658,***.09.219/****-59
1659,***.09.228/****-91
1660,***.09.234/****-97
1661,***.09.240/****-11
1662,***.09.240/****-86
1663,***.09.243/****-00
1664,***.09.248/****-04
1665,***.09.249/****-09
1666,***.09.259/****-08
1667,***.09.262/****-53
1668,***.09.267/****-04
1669,***.09.268/****-62
1670,***.09.268/****-80
1671,***.09.272/****-74
1672,***.09.274/****-76
1673,***.09.279/****-65
1674,***.09.292/****-44
1675,***.09.293/****-58
1676,***.09.309/****-69
1677,***.09.310/****-53
1678,***.09.310/****-72
1679,***.09.315/****-49
1680,***.09.316/****-02
1681,***.09.316/****-60
1682,***.09.319/****-33
1683,***.09.320/****-18
1684,***.09.324/****-48
1685,***.09.326/****-04
1686,***.09.326/****-62
1687,***.09.335/****-30
1688,***.09.336/****-88
1689,***.09.337/****-80
1690,***.09.340/****-31
1691,***.09.341/****-47
1692,***.09.341/****-59
1693,***.09.349/****-04
1694,***.09.358/****-25
1695,***.09.361/****-32
1696,***.09.362/****-21
1697,***.09.389/****-02
1698,***.09.392/****-24
1699,***.09.392/****-92
1700,***.09.392/****-96
1701,***.09.399/****-03
1702,***.09.399/****-16
1703,***.09.403/****-27
1704,***.09.411/****-72
1705,***.09.414/****-43
1706,***.09.415/****-82
1707,***.09.418/****-50
1708,***.09.426/****-09
1709,***.09.436/****-16
1710,***.09.438/****-35
1711,***.09.438/****-52
1712,***.09.440/****-28
1713,***.09.441/****-09
1714,***.09.442/****-17
1715,***.09.442/****-65
1716,***.09.444/****-76
1717,***.09.445/****-68
1718,***.09.446/****-59
1719,***.09.449/****-00
1720,***.09.455/****-13
1721,***.09.456/****-09
1722,***.09.464/****-10
1723,***.09.464/****-88
1724,***.09.467/****-53
1725,***.09.470/****-60
1726,***.09.470/****-98
1727,***.09.472/****-70
1728,***.09.473/****-12
1729,***.09.477/****-92
1730,***.09.485/****-29
1731,***.09.485/****-71
1732,***.09.487/****-02
1733,***.09.488/****-78
1734,***.09.497/****-90
1735,***.09.500/****-26
1736,***.09.502/****-10
1737,***.09.513/****-02
1738,***.09.518/****-83
1739,***.09.519/****-40
1740,***.09.523/****-19
1741,***.09.526/****-46
1742,***.09.527/****-50
1743,***.09.527/****-71
1744,***.09.529/****-79
1745,***.09.533/****-50
1746,***.09.550/****-34
1747,***.09.556/****-17
1748,***.09.557/****-31
1749,***.09.558/****-64
1750,***.09.560/****-99
1751,***.09.569/****-09
1752,***.09.578/****-30
1753,***.09.587/****-04
1754,***.09.593/****-03
1755,***.09.598/****-90
1756,***.09.613/****-79
1757,***.09.618/****-72
1758,***.09.618/****-84
1759,***.09.621/****-38
1760,***.09.624/****-50
1761,***.09.632/****-72
1762,***.09.634/****-51
1763,***.09.634/****-60
1764,***.09.642/****-94
1765,***.09.649/****-36
1766,***.09.650/****-00
1767,***.09.656/****-55
1768,***.09.674/****-10
1769,***.09.675/****-80
1770,***.09.722/****-01
1771,***.09.850/****-35
1772,***.09.967/****-00
1773,***.09.967/****-61
1774,***.09.967/****-68
1775,***.09.967/****-77
1776,***.09.967/****-95
1777,***.09.967/****-96
1778,***.10.014/****-06
1779,***.10.145/****-45
1780,***.10.174/****-15
1781,***.10.187/****-26
1782,***.10.188/****-75
1783,***.10.190/****-09
1784,***.10.190/****-53
1785,***.10.203/****-43
1786,***.10.228/****-80
1787,***.10.229/****-08
1788,***.10.234/****-63
1789,***.10.237/****-34
1790,***.10.242/****-58
1791,***.10.247/****-73
1792,***.10.249/****-25
1793,***.10.258/****-14
1794,***.10.260/****-17
1795,***.10.265/****-50
1796,***.10.265/****-73
1797,***.10.275/****-90
1798,***.10.279/****-74
1799,***.10.285/****-95
1800,***.10.291/****-57
1801,***.10.298/****-06
1802,***.10.299/****-36
1803,***.10.305/****-09
1804,***.10.305/****-33
1805,***.10.309/****-57
1806,***.10.310/****-63
1807,***.10.321/****-63
1808,***.10.324/****-04
1809,***.10.324/****-86
1810,***.10.328/****-56
1811,***.10.341/****-72
1812,***.10.345/****-25
1813,***.10.348/****-65
1814,***.10.351/****-99
1815,***.10.352/****-69
1816,***.10.353/****-58
1817,***.10.353/****-77
1818,***.10.353/****-79
1819,***.10.358/****-03
1820,***.10.359/****-24
1821,***.10.368/****-20
1822,***.10.371/****-18
1823,***.10.372/****-78
1824,***.10.381/****-29
1825,***.10.383/****-98
1826,***.10.388/****-92
1827,***.10.388/****-93
1828,***.10.394/****-67
1829,***.10.404/****-47
1830,***.10.410/****-29
1831,***.10.418/****-54
1832,***.10.426/****-76
1833,***.10.428/****-10
1834,***.10.429/****-53
1835,***.10.436/****-28
1836,***.10.442/****-16
1837,***.10.442/****-37
1838,***.10.445/****-00
1839,***.10.454/****-01
1840,***.10.459/****-09
1841,***.10.459/****-20
1842,***.10.460/****-00
1843,***.10.462/****-30
1844,***.10.462/****-59
1845,***.10.462/****-82
1846,***.10.463/****-38
1847,***.10.467/****-04
1848,***.10.468/****-93
1849,***.10.473/****-11
1850,***.10.473/****-12
1851,***.10.483/****-10
1852,***.10.483/****-56
1853,***.10.485/****-48
1854,***.10.486/****-29
1855,***.10.487/****-99
1856,***.10.488/****-60
1857,***.10.489/****-01
1858,***.10.492/****-51
1859,***.10.494/****-06
1860,***.10.498/****-09
1861,***.10.499/****-04
1862,***.10.501/****-29
1863,***.10.505/****-01
1864,***.10.505/****-18
1865,***.10.508/****-78
1866,***.10.515/****-51
1867,***.10.516/****-36
1868,***.10.517/****-03
1869,***.10.517/****-92
1870,***.10.518/****-07
1871,***.10.521/****-01
1872,***.10.524/****-00
1873,***.10.524/****-70
1874,***.10.538/****-04
1875,***.10.545/****-92
1876,***.10.570/****-56
1877,***.10.573/****-25
1878,***.10.575/****-61
1879,***.10.584/****-92
1880,***.10.587/****-08
1881,***.10.592/****-31
1882,***.10.593/****-84
1883,***.10.595/****-92
1884,***.10.597/****-84
1885,***.10.624/****-10
1886,***.10.624/****-62
1887,***.10.625/****-30
1888,***.10.630/****-35
1889,***.10.633/****-02
1890,***.10.643/****-41
1891,***.10.650/****-57
1892,***.10.662/****-99
1893,***.10.663/****-70
1894,***.10.664/****-01
1895,***.10.673/****-41
1896,***.10.673/****-71
1897,***.10.677/****-40
1898,***.10.688/****-44
1899,***.10.694/****-01
1900,***.10.697/****-09
1901,***.10.698/****-54
1902,***.10.701/****-47
1903,***.10.704/****-72
1904,***.10.708/****-73
1905,***.10.715/****-30
1906,***.10.715/****-48
1907,***.10.722/****-61
1908,***.10.726/****-76
1909,***.10.727/****-53
1910,***.10.729/****-00
1911,***.10.732/****-14
1912,***.10.734/****-05
1913,***.10.744/****-00
1914,***.10.744/****-45
1915,***.10.744/****-71
1916,***.10.748/****-05
1917,***.10.748/****-89
1918,***.10.748/****-93
1919,***.10.748/****-96
1920,***.10.762/****-55
1921,***.10.762/****-96
1922,***.10.765/****-76
1923,***.10.767/****-30
1924,***.10.768/****-22
1925,***.10.770/****-94
1926,***.10.780/****-05
1927,***.10.786/****-11
1928,***.10.793/****-10
1929,***.10.793/****-78
1930,***.10.796/****-86
1931,***.10.805/****-04
1932,***.10.805/****-68
1933,***.10.806/****-79
1934,***.10.808/****-92
1935,***.10.811/****-37
1936,***.10.816/****-95
1937,***.10.844/****-69
1938,***.10.846/****-88
1939,***.10.848/****-16
1940,***.10.848/****-50
1941,***.10.856/****-94
1942,***.10.860/****-48
1943,***.10.860/****-93
1944,***.10.861/****-34
1945,***.10.866/****-17
1946,***.10.880/****-01
1947,***.10.890/****-70
1948,***.10.895/****-80
1949,***.10.918/****-39
1950,***.10.921/****-05
1951,***.10.921/****-20
1952,***.10.923/****-00
1953,***.10.924/****-03
1954,***.10.939/****-20
1955,***.10.943/****-72
1956,***.10.951/****-31
1957,***.10.965/****-29
1958,***.10.965/****-92
1959,***.10.970/****-47
1960,***.10.970/****-91
1961,***.10.971/****-96
1962,***.10.981/****-76
1963,***.10.996/****-96
1964,***.11.006/****-32
1965,***.11.014/****-71
1966,***.11.014/****-96
1967,***.11.019/****-09
1968,***.11.032/****-90
1969,***.11.034/****-79
1970,***.11.035/****-06
1971,***.11.038/****-25
1972,***.11.044/****-00
1973,***.11.048/****-28
1974,***.11.060/****-86
1975,***.11.062/****-38
1976,***.11.065/****-00
1977,***.11.068/****-00
1978,***.11.068/****-53
1979,***.11.070/****-90
1980,***.11.073/****-74
1981,***.11.074/****-13
1982,***.11.075/****-31
1983,***.11.076/****-99
1984,***.11.077/****-13
1985,***.11.081/****-72
1986,***.11.086/****-04
1987,***.11.088/****-00
1988,***.11.088/****-66
1989,***.11.098/****-83
1990,***.11.106/****-09
1991,***.11.109/****-14
1992,***.11.109/****-67
1993,***.11.112/****-26
1994,***.11.113/****-82
1995,***.11.117/****-88
1996,***.11.122/****-43
1997,***.11.129/****-35
1998,***.11.146/****-04
1999,***.11.149/****-23
2000,***.11.163/****-49
2001,***.11.175/****-67
2002,***.11.176/****-47
2003,***.11.182/****-83
2004,***.11.189/****-44
2005,***.11.191/****-09
2006,***.11.192/****-13
2007,***.11.210/****-70
2008,***.11.232/****-03
2009,***.11.248/****-77
2010,***.11.261/****-20
2011,***.11.286/****-17
2012,***.11.291/****-67
2013,***.11.295/****-89
2014,***.11.298/****-10
2015,***.11.301/****-91
2016,***.11.302/****-90
2017,***.11.303/****-90
2018,***.11.314/****-60
2019,***.11.322/****-01
2020,***.11.326/****-77
2021,***.11.326/****-85
2022,***.11.333/****-20
2023,***.11.336/****-33
2024,***.11.337/****-02
2025,***.11.339/****-51
2026,***.11.339/****-67
2027,***.11.341/****-04
2028,***.11.342/****-50
2029,***.11.345/****-70
2030,***.11.347/****-02
2031,***.11.359/****-52
2032,***.11.364/****-11
2033,***.11.368/****-69
2034,***.11.372/****-01
2035,***.11.382/****-48
2036,***.11.396/****-64
2037,***.11.401/****-45
2038,***.11.405/****-10
2039,***.11.407/****-21
2040,***.11.413/****-04
2041,***.11.413/****-87
2042,***.11.414/****-49
2043,***.11.422/****-68
2044,***.11.423/****-44
2045,***.11.433/****-32
2046,***.11.440/****-92
2047,***.11.442/****-02
2048,***.11.454/****-66
2049,***.11.458/****-51
2050,***.11.459/****-34
2051,***.11.474/****-23
2052,***.11.484/****-60
2053,***.11.486/****-48
2054,***.11.489/****-80
2055,***.11.493/****-60
2056,***.11.504/****-74
2057,***.11.515/****-18
2058,***.11.522/****-18
2059,***.11.543/****-65
2060,***.11.543/****-85
2061,***.11.546/****-87
2062,***.11.546/****-94
2063,***.11.550/****-33
2064,***.11.552/****-02
2065,***.11.552/****-10
2066,***.11.555/****-04
2067,***.11.579/****-08
2068,***.11.581/****-04
2069,***.11.581/****-25
2070,***.11.590/****-23
2071,***.11.590/****-41
2072,***.11.597/****-26
2073,***.11.600/****-69
2074,***.11.610/****-60
2075,***.11.612/****-01
2076,***.11.617/****-56
2077,***.11.643/****-30
2078,***.11.646/****-57
2079,***.11.661/****-24
2080,***.11.662/****-73
2081,***.11.666/****-02
2082,***.11.667/****-89
2083,***.11.669/****-24
2084,***.11.669/****-79
2085,***.11.670/****-86
2086,***.11.689/****-70
2087,***.11.692/****-33
2088,***.11.694/****-42
2089,***.11.707/****-35
2090,***.11.711/****-72
2091,***.11.718/****-44
2092,***.11.730/****-43
2093,***.11.737/****-98
2094,***.11.739/****-04
2095,***.11.739/****-50
2096,***.11.751/****-06
2097,***.11.758/****-52
2098,***.11.763/****-51
2099,***.11.779/****-00
2100,***.11.782/****-43
2101,***.11.790/****-50
2102,***.11.794/****-80
2103,***.11.805/****-67
2104,***.11.812/****-47
2105,***.11.823/****-94
2106,***.11.825/****-38
2107,***.11.825/****-57
2108,***.11.825/****-70
2109,***.11.826/****-00
2110,***.11.828/****-06
2111,***.11.831/****-03
2112,***.11.834/****-49
2113,***.11.834/****-97
2114,***.11.846/****-03
2115,***.11.861/****-11
2116,***.11.862/****-00
2117,***.11.899/****-24
2118,***.11.903/****-11
2119,***.11.909/****-00
2120,***.11.909/****-51
2121,***.11.928/****-00
2122,***.11.944/****-16
2123,***.11.944/****-99
2124,***.11.962/****-03
2125,***.11.966/****-00
2126,***.11.970/****-71
2127,***.11.976/****-06
2128,***.11.978/****-09
2129,***.11.978/****-68
2130,***.11.979/****-03
2131,***.11.982/****-35
2132,***.12.002/****-19
2133,***.12.019/****-57
2134,***.12.023/****-57
2135,***.12.033/****-00
2136,***.12.043/****-66
2137,***.12.050/****-31
2138,***.12.078/****-09
2139,***.12.086/****-03
2140,***.12.093/****-22
2141,***.12.137/****-96
2142,***.12.194/****-58
2143,***.12.214/****-23
2144,***.12.220/****-06
2145,***.12.254/****-02
2146,***.12.255/****-99
2147,***.12.286/****-54
2148,***.12.291/****-20
2149,***.12.295/****-85
2150,***.12.300/****-83
2151,***.12.301/****-76
2152,***.12.306/****-68
2153,***.12.314/****-00
2154,***.12.314/****-40
2155,***.12.318/****-12
2156,***.12.321/****-19
2157,***.12.328/****-48
2158,***.12.329/****-08
2159,***.12.339/****-00
2160,***.12.339/****-57
2161,***.12.339/****-91
2162,***.12.340/****-58
2163,***.12.340/****-61
2164,***.12.340/****-87
2165,***.12.341/****-38
2166,***.12.349/****-78
2167,***.12.351/****-10
2168,***.12.353/****-54
2169,***.12.354/****-09
2170,***.12.361/****-70
2171,***.12.364/****-40
2172,***.12.368/****-05
2173,***.12.381/****-27
2174,***.12.384/****-68
2175,***.12.395/****-67
2176,***.12.396/****-18
2177,***.12.401/****-19
2178,***.12.402/****-16
2179,***.12.407/****-72
2180,***.12.431/****-04
2181,***.12.448/****-79
2182,***.12.452/****-77
2183,***.12.453/****-05
2184,***.12.456/****-05
2185,***.12.458/****-50
2186,***.12.463/****-03
2187,***.12.476/****-49
2188,***.12.477/****-00
2189,***.12.477/****-09
2190,***.12.484/****-60
2191,***.12.484/****-85
2192,***.12.485/****-10
2193,***.12.491/****-11
2194,***.12.492/****-61
2195,***.12.494/****-01
2196,***.12.541/****-50
2197,***.12.577/****-61
2198,***.12.613/****-80
2199,***.12.619/****-09
2200,***.12.619/****-51
2201,***.12.622/****-40
2202,***.12.628/****-40
2203,***.12.637/****-80
2204,***.12.646/****-09
2205,***.12.655/****-35
2206,***.12.661/****-27
2207,***.12.700/****-26
2208,***.12.701/****-16
2209,***.12.701/****-71
2210,***.12.747/****-90
2211,***.12.800/****-48
2212,***.12.802/****-99
2213,***.12.825/****-66
2214,***.12.831/****-20
2215,***.12.837/****-69
2216,***.12.855/****-46
2217,***.12.874/****-07
2218,***.12.902/****-50
2219,***.12.908/****-00
2220,***.12.929/****-56
2221,***.12.946/****-01
2222,***.12.966/****-03
2223,***.12.972/****-02
2224,***.12.976/****-93
2225,***.12.985/****-33
2226,***.13.002/****-12
2227,***.13.004/****-00
2228,***.13.009/****-09
2229,***.13.010/****-60
2230,***.13.018/****-68
2231,***.13.047/****-06
2232,***.13.058/****-40
2233,***.13.063/****-02
2234,***.13.066/****-89
2235,***.13.067/****-79
2236,***.13.069/****-77
2237,***.13.073/****-05
2238,***.13.096/****-00
2239,***.13.106/****-91
2240,***.13.147/****-29
2241,***.13.161/****-55
2242,***.13.167/****-90
2243,***.13.176/****-27
2244,***.13.176/****-90
2245,***.13.180/****-82
2246,***.13.194/****-74
2247,***.13.204/****-66
2248,***.13.205/****-17
2249,***.13.213/****-66
2250,***.13.216/****-10
2251,***.13.217/****-29
2252,***.13.238/****-48
2253,***.13.249/****-51
2254,***.13.249/****-78
2255,***.13.256/****-05
2256,***.13.288/****-43
2257,***.13.293/****-75
2258,***.13.300/****-66
2259,***.13.309/****-91
2260,***.13.311/****-05
2261,***.13.318/****-37
2262,***.13.344/****-08
2263,***.13.355/****-79
2264,***.13.357/****-49
2265,***.13.369/****-36
2266,***.13.386/****-49
2267,***.13.409/****-10
2268,***.13.410/****-60
2269,***.13.418/****-45
2270,***.13.433/****-38
2271,***.13.444/****-89
2272,***.13.479/****-30
2273,***.13.480/****-40
2274,***.13.481/****-55
2275,***.13.481/****-60
2276,***.13.481/****-92
2277,***.13.487/****-35
2278,***.13.498/****-67
2279,***.13.523/****-46
2280,***.13.530/****-85
2281,***.13.531/****-02
2282,***.13.545/****-68
2283,***.13.562/****-05
2284,***.13.563/****-07
2285,***.13.565/****-55
2286,***.13.585/****-58
2287,***.13.597/****-53
2288,***.13.613/****-67
2289,***.13.614/****-40
2290,***.13.641/****-97
2291,***.13.653/****-07
2292,***.13.655/****-19
2293,***.13.670/****-17
2294,***.13.673/****-00
2295,***.13.687/****-62
2296,***.13.691/****-14
2297,***.13.692/****-57
2298,***.13.702/****-15
2299,***.13.721/****-47
2300,***.13.735/****-02
2301,***.13.742/****-64
2302,***.13.743/****-39
2303,***.13.768/****-35
2304,***.13.769/****-85
2305,***.13.792/****-27
2306,***.13.802/****-60
2307,***.13.806/****-23
2308,***.13.816/****-88
2309,***.13.834/****-60
2310,***.13.840/****-40
2311,***.13.858/****-97
2312,***.13.865/****-46
2313,***.13.867/****-23
2314,***.13.902/****-32
2315,***.13.921/****-01
2316,***.13.938/****-80
2317,***.13.960/****-51
2318,***.14.004/****-65
2319,***.14.045/****-98
2320,***.14.047/****-06
2321,***.14.050/****-20
2322,***.14.067/****-00
2323,***.14.067/****-78
2324,***.14.068/****-80
2325,***.14.078/****-07
2326,***.14.084/****-84
2327,***.14.086/****-71
2328,***.14.088/****-37
2329,***.14.091/****-32
2330,***.14.094/****-48
2331,***.14.095/****-43
2332,***.14.112/****-43
2333,***.14.131/****-62
2334,***.14.136/****-96
2335,***.14.137/****-51
2336,***.14.144/****-06
2337,***.14.171/****-57
2338,***.14.208/****-73
2339,***.14.233/****-75
2340,***.14.292/****-68
2341,***.14.314/****-58
2342,***.14.322/****-14
2343,***.14.354/****-93
2344,***.14.380/****-00
2345,***.14.424/****-57
2346,***.14.450/****-10
2347,***.14.455/****-48
2348,***.14.481/****-18
2349,***.14.487/****-47
2350,***.14.523/****-21
2351,***.14.527/****-00
2352,***.14.550/****-40
2353,***.14.553/****-16
2354,***.14.606/****-19
2355,***.14.625/****-17
2356,***.14.630/****-84
2357,***.14.633/****-55
2358,***.14.655/****-08
2359,***.14.677/****-45
2360,***.14.693/****-04
2361,***.14.699/****-78
2362,***.14.746/****-48
2363,***.14.751/****-42
2364,***.14.782/****-88
2365,***.14.783/****-99
2366,***.14.786/****-32
2367,***.14.786/****-50
2368,***.14.788/****-10
2369,***.14.800/****-89
2370,***.14.811/****-20
2371,***.14.830/****-65
2372,***.14.883/****-04
2373,***.14.887/****-57
2374,***.14.888/****-08
2375,***.14.889/****-35
2376,***.14.959/****-02
2377,***.14.968/****-30
2378,***.14.971/****-78
2379,***.14.984/****-36
2380,***.14.994/****-69
2381,***.15.001/****-00
2382,***.15.059/****-30
2383,***.15.079/****-88
2384,***.15.097/****-23
2385,***.15.100/****-99
2386,***.15.135/****-47
2387,***.15.138/****-05
2388,***.15.150/****-65
2389,***.15.176/****-61
2390,***.15.199/****-15
2391,***.15.246/****-43
2392,***.15.255/****-23
2393,***.15.261/****-74
2394,***.15.272/****-62
2395,***.15.287/****-06
2396,***.15.341/****-05
2397,***.15.347/****-90
2398,***.15.354/****-80
2399,***.15.373/****-53
2400,***.15.390/****-49
2401,***.15.400/****-12
2402,***.15.419/****-05
2403,***.15.420/****-01
2404,***.15.423/****-00
2405,***.15.424/****-51
2406,***.15.433/****-45
2407,***.15.449/****-75
2408,***.15.450/****-83
2409,***.15.491/****-09
2410,***.15.503/****-86
2411,***.15.534/****-86
2412,***.15.556/****-96
2413,***.15.565/****-77
2414,***.15.587/****-46
2415,***.15.614/****-57
2416,***.15.624/****-63
2417,***.15.640/****-09
2418,***.15.642/****-65
2419,***.15.660/****-60
2420,***.15.687/****-78
2421,***.15.704/****-48
2422,***.15.704/****-52
2423,***.15.707/****-76
2424,***.15.730/****-01
2425,***.15.757/****-15
2426,***.15.789/****-75
2427,***.15.792/****-36
2428,***.15.811/****-46
2429,***.16.365/****-46
2430,***.16.368/****-96
2431,***.16.417/****-21
2432,***.16.516/****-38
2433,***.16.538/****-57
2434,***.16.552/****-55
2435,***.16.554/****-13
2436,***.16.569/****-06
2437,***.16.571/****-69
2438,***.16.584/****-77
2439,***.16.588/****-10
2440,***.16.592/****-86
2441,***.16.622/****-32
2442,***.16.641/****-49
2443,***.16.655/****-01
2444,***.16.669/****-56
2445,***.16.670/****-28
2446,***.16.670/****-41
2447,***.16.671/****-00
2448,***.16.676/****-70
2449,***.16.693/****-00
2450,***.16.701/****-56
2451,***.16.730/****-44
2452,***.16.742/****-44
2453,***.16.814/****-77
2454,***.16.854/****-32
2455,***.16.867/****-51
2456,***.16.880/****-01
2457,***.16.884/****-50
2458,***.16.888/****-01
2459,***.16.888/****-07
2460,***.16.891/****-03
2461,***.16.977/****-66
2462,***.17.047/****-69
2463,***.17.098/****-00
2464,***.17.114/****-16
2465,***.17.128/****-67
2466,***.17.154/****-47
2467,***.17.211/****-90
2468,***.17.221/****-70
2469,***.17.233/****-59
2470,***.17.297/****-81
2471,***.17.317/****-24
2472,***.17.383/****-72
2473,***.17.391/****-09
2474,***.17.394/****-21
2475,***.17.430/****-36
2476,***.17.434/****-42
2477,***.17.466/****-91
2478,***.17.469/****-60
2479,***.17.486/****-56
2480,***.17.499/****-74
2481,***.17.507/****-15
2482,***.17.585/****-70
2483,***.17.592/****-41
2484,***.17.631/****-15
2485,***.17.679/****-01
2486,***.17.683/****-08
2487,***.17.696/****-03
2488,***.17.705/****-53
2489,***.17.803/****-26
2490,***.17.843/****-84
2491,***.17.974/****-78
2492,***.18.017/****-54
2493,***.18.062/****-18
2494,***.18.200/****-77
2495,***.18.250/****-90
2496,***.18.259/****-64
2497,***.18.294/****-19
2498,***.18.305/****-91
2499,***.18.341/****-71
2500,***.18.399/****-39
2501,***.18.430/****-30
2502,***.18.436/****-07
2503,***.18.449/****-02
2504,***.18.467/****-54
2505,***.18.487/****-04
2506,***.18.487/****-91
2507,***.18.512/****-23
2508,***.18.538/****-87
2509,***.18.596/****-60
2510,***.18.602/****-79
2511,***.18.621/****-99
2512,***.18.662/****-67
2513,***.18.720/****-41
2514,***.18.731/****-20
2515,***.18.833/****-90
2516,***.18.875/****-32
2517,***.18.918/****-65
2518,***.18.942/****-03
2519,***.19.005/****-00
2520,***.19.108/****-20
2521,***.19.115/****-54
2522,***.19.222/****-65
2523,***.19.227/****-81
2524,***.19.327/****-71
2525,***.19.387/****-92
2526,***.19.434/****-60
2527,***.19.439/****-05
2528,***.19.446/****-02
2529,***.19.482/****-18
2530,***.19.529/****-51
2531,***.19.530/****-50
2532,***.19.574/****-84
2533,***.19.617/****-08
2534,***.19.627/****-82
2535,***.19.646/****-73
2536,***.19.653/****-11
2537,***.19.908/****-02
2538,***.20.040/****-37
2539,***.20.073/****-39
2540,***.20.147/****-76
2541,***.20.320/****-51
2542,***.20.354/****-10
2543,***.20.444/****-20
2544,***.20.450/****-30
2545,***.20.461/****-26
2546,***.20.619/****-16
2547,***.20.625/****-79
2548,***.20.655/****-54
2549,***.20.681/****-22
2550,***.20.709/****-93
2551,***.20.720/****-01
2552,***.20.728/****-13
2553,***.20.758/****-79
2554,***.20.899/****-83
2555,***.20.947/****-50
2556,***.21.074/****-58
2557,***.21.086/****-67
2558,***.21.100/****-58
2559,***.21.135/****-20
2560,***.21.335/****-20
2561,***.21.367/****-63
2562,***.21.432/****-49
2563,***.21.572/****-08
2564,***.21.576/****-94
2565,***.21.671/****-43
2566,***.21.824/****-22
2567,***.21.853/****-40
2568,***.21.910/****-47
2569,***.22.057/****-89
2570,***.22.264/****-01
2571,***.22.294/****-43
2572,***.22.325/****-11
2573,***.22.447/****-70
2574,***.22.518/****-14
2575,***.22.575/****-50
2576,***.22.702/****-70
2577,***.22.800/****-04
2578,***.22.807/****-49
2579,***.23.082/****-91
2580,***.23.145/****-40
2581,***.23.199/****-05
2582,***.23.215/****-92
2583,***.23.278/****-15
2584,***.23.446/****-02
2585,***.23.448/****-52
2586,***.23.453/****-73
2587,***.23.455/****-00
2588,***.23.458/****-40
2589,***.23.465/****-10
2590,***.23.466/****-15
2591,***.23.481/****-21
2592,***.23.481/****-68
2593,***.23.485/****-66
2594,***.23.490/****-01
2595,***.23.532/****-19
2596,***.23.535/****-95
2597,***.23.541/****-32
2598,***.23.550/****-75
2599,***.23.553/****-28
2600,***.23.566/****-10
2601,***.23.568/****-45
2602,***.23.572/****-09
2603,***.23.585/****-64
2604,***.23.595/****-28
2605,***.23.597/****-89
2606,***.23.664/****-44
2607,***.23.709/****-18
2608,***.23.715/****-20
2609,***.23.725/****-23
2610,***.23.725/****-66
2611,***.23.744/****-71
2612,***.23.746/****-46
2613,***.23.845/****-66
2614,***.24.024/****-04
2615,***.24.073/****-01
2616,***.24.073/****-55
2617,***.24.073/****-89
2618,***.24.261/****-03
2619,***.24.278/****-10
2620,***.24.332/****-24
2621,***.24.380/****-60
2622,***.24.380/****-85
2623,***.24.380/****-89
2624,***.24.423/****-04
2625,***.24.546/****-66
2626,***.24.649/****-03
2627,***.25.100/****-06
2628,***.25.100/****-16
2629,***.25.111/****-62
2630,***.25.297/****-59
2631,***.25.349/****-94
2632,***.25.369/****-42
2633,***.26.143/****-29
2634,***.27.011/****-47
2635,***.27.626/****-44
2636,***.28.019/****-96
2637,***.28.194/****-48
2638,***.28.564/****-36
2639,***.28.625/****-68
2640,***.29.532/****-78
2641,***.29.637/****-64
2642,***.29.979/****-19
2643,***.29.979/****-40
2644,***.29.980/****-57
2645,***.30.014/****-98
2646,***.30.017/****-90
2647,***.30.117/****-29
2648,***.30.280/****-86
2649,***.30.280/****-90
2650,***.31.127/****-10
2651,***.31.153/****-46
2652,***.32.569/****-13
2653,***.32.872/****-95
2654,***.32.891/****-80
2655,***.33.000/****-74
2656,***.33.022/****-92
2657,***.33.040/****-71
2658,***.33.055/****-93
2659,***.33.068/****-01
2660,***.33.069/****-04
2661,***.33.069/****-07
2662,***.33.069/****-50
2663,***.33.073/****-91
2664,***.33.131/****-49
2665,***.33.164/****-00
2666,***.33.284/****-11
2667,***.33.325/****-77
2668,***.33.402/****-97
2669,***.33.530/****-29
2670,***.33.555/****-70
2671,***.33.608/****-73
2672,***.33.634/****-10
2673,***.33.641/****-44
2674,***.33.845/****-39
2675,***.33.988/****-16
2676,***.34.015/****-79
2677,***.34.028/****-02
2678,***.34.028/****-03
2679,***.34.028/****-38
2680,***.34.156/****-07
2681,***.34.955/****-94
2682,***.34.956/****-09
2683,***.34.957/****-80
2684,***.34.965/****-27
2685,***.34.974/****-90
2686,***.34.998/****-90
2687,***.35.000/****-51
2688,***.35.000/****-90
2689,***.35.005/****-01
2690,***.35.006/****-88
2691,***.35.015/****-33
2692,***.35.030/****-56
2693,***.35.055/****-60
2694,***.35.058/****-05
2695,***.35.059/****-67
2696,***.35.062/****-65
2697,***.35.069/****-20
2698,***.35.069/****-33
2699,***.35.070/****-15
2700,***.35.071/****-50
2701,***.35.085/****-74
2702,***.35.088/****-18
2703,***.35.088/****-37
2704,***.35.093/****-73
2705,***.35.216/****-09
2706,***.35.233/****-50
2707,***.35.238/****-06
2708,***.35.245/****-92
2709,***.35.353/****-60
2710,***.35.525/****-59
2711,***.35.596/****-67
2712,***.35.820/****-44
2713,***.35.963/****-46
2714,***.36.003/****-53
2715,***.37.069/****-90
2716,***.37.116/****-34
2717,***.37.160/****-56
2718,***.37.993/****-47
2719,***.37.996/****-77
2720,***.38.046/****-00
2721,***.39.092/****-40
2722,***.39.139/****-76
2723,***.39.893/****-36
2724,***.40.264/****-75
2725,***.40.284/****-08
2726,***.40.432/****-40
2727,***.40.432/****-47
2728,***.40.787/****-67
2729,***.40.924/****-09
2730,***.41.037/****-27
2731,***.41.057/****-43
2732,***.41.279/****-41
2733,***.41.289/****-78
2734,***.41.290/****-02
2735,***.41.290/****-67
2736,***.41.291/****-05
2737,***.41.294/****-59
2738,***.41.298/****-21
2739,***.41.302/****-01
2740,***.41.305/****-26
2741,***.41.305/****-77
2742,***.41.308/****-96
2743,***.41.312/****-49
2744,***.41.324/****-59
2745,***.41.326/****-42
2746,***.41.327/****-79
2747,***.41.334/****-36
2748,***.41.388/****-64
2749,***.41.390/****-09
2750,***.41.391/****-18
2751,***.41.402/****-28
2752,***.41.404/****-31
2753,***.41.406/****-61
2754,***.41.426/****-05
2755,***.41.426/****-72
2756,***.41.426/****-78
2757,***.41.431/****-35
2758,***.41.439/****-03
2759,***.41.443/****-64
2760,***.41.450/****-89
2761,***.41.452/****-10
2762,***.41.453/****-01
2763,***.41.455/****-64
2764,***.41.468/****-17
2765,***.41.468/****-36
2766,***.41.535/****-50
2767,***.41.539/****-81
2768,***.41.550/****-01
2769,***.41.550/****-84
2770,***.41.556/****-65
2771,***.41.562/****-43
2772,***.41.569/****-44
2773,***.41.572/****-00
2774,***.41.580/****-12
2775,***.41.587/****-09
2776,***.41.587/****-10
2777,***.41.587/****-48
2778,***.41.597/****-10
2779,***.41.600/****-78
2780,***.41.600/****-97
2781,***.41.601/****-94
2782,***.41.605/****-26
2783,***.41.629/****-55
2784,***.41.634/****-43
2785,***.41.638/****-13
2786,***.41.641/****-38
2787,***.41.644/****-35
2788,***.41.654/****-29
2789,***.41.997/****-70
2790,***.42.168/****-25
2791,***.42.521/****-37
2792,***.42.595/****-66
2793,***.42.837/****-98
2794,***.43.044/****-00
2795,***.43.201/****-12
2796,***.43.283/****-22
2797,***.43.367/****-97
2798,***.43.457/****-00
2799,***.43.547/****-00
2800,***.43.708/****-00
2801,***.43.823/****-30
2802,***.43.948/****-41
2803,***.43.989/****-13
2804,***.44.015/****-16
2805,***.44.015/****-88
2806,***.44.015/****-92
2807,***.44.346/****-09
2808,***.44.558/****-92
2809,***.45.242/****-29
2810,***.45.363/****-59
2811,***.45.517/****-63
2812,***.46.387/****-26
2813,***.46.387/****-50
2814,***.46.488/****-71
2815,***.46.849/****-84
2816,***.47.010/****-68
2817,***.47.035/****-16
2818,***.47.508/****-04
2819,***.47.508/****-17
2820,***.47.508/****-21
2821,***.47.508/****-45
2822,***.47.508/****-58
2823,***.47.508/****-94
2824,***.47.665/****-02
2825,***.47.672/****-10
2826,***.47.960/****-21
2827,***.47.960/****-27
2828,***.47.960/****-64
2829,***.48.071/****-68
2830,***.48.740/****-14
2831,***.48.740/****-39
2832,***.48.740/****-42
2833,***.48.740/****-65
2834,***.48.740/****-85
2835,***.48.763/****-06
2836,***.49.372/****-79
2837,***.49.607/****-06
2838,***.49.656/****-06
2839,***.49.732/****-60
2840,***.49.732/****-82
2841,***.49.736/****-98
2842,***.49.922/****-15
2843,***.50.279/****-29
2844,***.50.479/****-85
2845,***.50.484/****-98
2846,***.50.663/****-26
2847,***.50.870/****-33
2848,***.51.254/****-17
2849,***.51.742/****-07
2850,***.51.961/****-95
2851,***.52.078/****-96
2852,***.52.274/****-82
2853,***.52.330/****-76
2854,***.52.529/****-50
2855,***.52.898/****-98
2856,***.53.273/****-42
2857,***.53.276/****-10
2858,***.53.519/****-84
2859,***.53.585/****-44
2860,***.53.617/****-95
2861,***.53.632/****-39
2862,***.53.775/****-52
2863,***.53.959/****-54
2864,***.53.994/****-77
2865,***.54.322/****-50
2866,***.54.394/****-17
2867,***.54.446/****-03
2868,***.54.516/****-01
2869,***.54.671/****-66
2870,***.55.166/****-29
2871,***.55.215/****-60
2872,***.55.285/****-00
2873,***.55.487/****-31
2874,***.55.983/****-30
2875,***.56.089/****-21
2876,***.56.484/****-61
2877,***.56.577/****-00
2878,***.56.606/****-56
2879,***.56.994/****-01
2880,***.57.008/****-54
2881,***.57.142/****-05
2882,***.57.394/****-75
2883,***.57.442/****-90
2884,***.57.449/****-09
2885,***.57.503/****-66
2886,***.57.582/****-11
2887,***.57.644/****-66
2888,***.57.888/****-80
2889,***.58.295/****-20
2890,***.58.295/****-40
2891,***.58.368/****-32
2892,***.58.752/****-56
2893,***.58.752/****-60
2894,***.58.890/****-13
2895,***.59.050/****-17
2896,***.59.104/****-04
2897,***.59.201/****-74
2898,***.59.312/****-41
2899,***.59.399/****-09
2900,***.59.403/****-26
2901,***.59.456/****-76
2902,***.59.576/****-07
2903,***.59.704/****-92
2904,***.59.720/****-31
2905,***.59.819/****-10
2906,***.60.210/****-29
2907,***.60.231/****-28
2908,***.60.409/****-10
2909,***.60.431/****-20
2910,***.60.455/****-05
2911,***.60.521/****-09
2912,***.60.573/****-44
2913,***.60.619/****-09
2914,***.60.619/****-48
2915,***.60.619/****-62
2916,***.60.619/****-92
2917,***.60.637/****-21
2918,***.60.717/****-90
2919,***.60.765/****-72
2920,***.60.820/****-64
2921,***.60.833/****-12
2922,***.60.855/****-72
2923,***.60.859/****-51
2924,***.60.872/****-71
2925,***.60.875/****-01
2926,***.60.891/****-09
2927,***.60.967/****-50
2928,***.60.998/****-41
2929,***.61.012/****-05
2930,***.61.032/****-05
2931,***.61.064/****-77
2932,***.61.068/****-30
2933,***.61.074/****-09
2934,***.61.080/****-39
2935,***.61.090/****-25
2936,***.61.160/****-17
2937,***.61.186/****-29
2938,***.61.198/****-60
2939,***.61.365/****-04
2940,***.61.365/****-08
2941,***.61.380/****-56
2942,***.61.383/****-80
2943,***.61.457/****-43
2944,***.61.467/****-60
2945,***.61.479/****-03
2946,***.61.486/****-36
2947,***.61.486/****-77
2948,***.61.600/****-55
2949,***.61.607/****-90
2950,***.61.699/****-92
2951,***.61.873/****-20
2952,***.61.949/****-95
2953,***.62.004/****-58
2954,***.62.070/****-00
2955,***.62.173/****-06
2956,***.62.173/****-51
2957,***.62.173/****-80
2958,***.62.340/****-30
2959,***.62.410/****-30
2960,***.62.410/****-68
2961,***.62.410/****-72
2962,***.62.413/****-72
2963,***.62.486/****-52
2964,***.62.490/****-37
2965,***.62.510/****-70
2966,***.62.517/****-14
2967,***.62.695/****-94
2968,***.62.751/****-04
2969,***.63.067/****-35
2970,***.63.067/****-54
2971,***.63.067/****-88
2972,***.63.090/****-09
2973,***.63.292/****-93
2974,***.63.302/****-81
2975,***.63.303/****-78
2976,***.63.308/****-59
2977,***.63.310/****-01
2978,***.63.320/****-60
2979,***.63.352/****-74
2980,***.63.354/****-99
2981,***.63.356/****-43
2982,***.63.356/****-80
2983,***.63.358/****-66
2984,***.63.360/****-04
2985,***.63.360/****-09
2986,***.63.364/****-51
2987,***.63.366/****-16
2988,***.63.370/****-86
2989,***.63.378/****-57
2990,***.63.396/****-24
2991,***.63.453/****-52
2992,***.63.457/****-77
2993,***.63.461/****-29
2994,***.63.461/****-75
2995,***.63.466/****-09
2996,***.63.475/****-30
2997,***.63.489/****-82
2998,***.63.490/****-07
2999,***.63.496/****-78
3000,***.63.542/****-24
3001,***.63.543/****-00
3002,***.63.552/****-84
3003,***.63.561/****-34
3004,***.63.736/****-82
3005,***.63.911/****-36
3006,***.63.933/****-78
3007,***.64.112/****-70
3008,***.64.138/****-02
3009,***.64.360/****-00
3010,***.64.542/****-60
3011,***.64.760/****-54
3012,***.64.772/****-75
3013,***.64.864/****-31
3014,***.65.004/****-78
3015,***.65.011/****-47
3016,***.65.234/****-63
3017,***.65.494/****-09
3018,***.65.561/****-14
3019,***.65.877/****-07
3020,***.65.963/****-07
3021,***.66.000/****-08
3022,***.66.110/****-18
3023,***.66.110/****-51
3024,***.67.036/****-89
3025,***.67.063/****-50
3026,***.67.393/****-34
3027,***.67.561/****-87
3028,***.67.731/****-20
3029,***.67.774/****-47
3030,***.67.902/****-70
3031,***.68.074/****-20
3032,***.68.118/****-02
3033,***.68.314/****-27
3034,***.68.337/****-27
3035,***.68.422/****-75
3036,***.68.514/****-90
3037,***.68.833/****-29
3038,***.68.877/****-79
3039,***.68.934/****-24
3040,***.68.962/****-59
3041,***.69.034/****-32
3042,***.69.034/****-56
3043,***.69.204/****-26
3044,***.69.259/****-16
3045,***.69.354/****-61
3046,***.69.362/****-07
3047,***.69.366/****-05
3048,***.69.372/****-64
3049,***.69.373/****-60
3050,***.69.708/****-36
3051,***.69.713/****-40
3052,***.70.047/****-27
3053,***.70.161/****-08
3054,***.70.175/****-12
3055,***.70.964/****-57
3056,***.71.619/****-15
3057,***.71.673/****-25
3058,***.71.702/****-21
3059,***.71.702/****-74
3060,***.71.735/****-23
3061,***.72.060/****-75
3062,***.72.103/****-04
3063,***.72.121/****-37
3064,***.72.139/****-43
3065,***.72.215/****-20
3066,***.72.218/****-75
3067,***.72.231/****-73
3068,***.72.243/****-72
3069,***.72.313/****-01
3070,***.72.314/****-26
3071,***.72.320/****-57
3072,***.72.381/****-10
3073,***.72.381/****-25
3074,***.72.410/****-53
3075,***.72.503/****-50
3076,***.72.537/****-90
3077,***.72.565/****-61
3078,***.72.590/****-88
3079,***.72.595/****-82
3080,***.72.843/****-41
3081,***.72.909/****-53
3082,***.72.949/****-01
3083,***.73.123/****-51
3084,***.73.206/****-49
3085,***.73.226/****-50
3086,***.73.398/****-63
3087,***.73.446/****-33
3088,***.73.447/****-78
3089,***.73.481/****-27
3090,***.73.676/****-39
3091,***.73.727/****-45
3092,***.73.764/****-48
3093,***.73.898/****-53
3094,***.73.909/****-04
3095,***.73.909/****-86
3096,***.73.999/****-16
3097,***.74.060/****-53
3098,***.74.133/****-68
3099,***.74.155/****-73
3100,***.74.458/****-50
3101,***.74.595/****-90
3102,***.75.265/****-37
3103,***.75.648/****-93
3104,***.76.535/****-43
3105,***.78.350/****-95
3106,***.79.077/****-04
3107,***.79.303/****-71
3108,***.79.599/****-03
3109,***.79.698/****-00
3110,***.80.050/****-05
3111,***.80.314/****-70
3112,***.80.653/****-55
3113,***.80.732/****-04
3114,***.81.329/****-67
3115,***.81.627/****-01
3116,***.81.627/****-35
3117,***.81.723/****-31
3118,***.81.790/****-90
3119,***.82.296/****-19
3120,***.82.373/****-71
3121,***.82.429/****-58
3122,***.82.429/****-62
3123,***.82.429/****-77
3124,***.83.431/****-78
3125,***.84.142/****-27
3126,***.84.489/****-94
3127,***.86.461/****-00
3128,***.86.700/****-28
3129,***.86.721/****-17
3130,***.86.764/****-44
3131,***.86.781/****-15
3132,***.86.818/****-52
3133,***.86.885/****-50
3134,***.86.906/****-33
3135,***.86.948/****-06
3136,***.87.991/****-84
3137,***.88.157/****-30
3138,***.88.630/****-81
3139,***.89.237/****-56
3140,***.89.848/****-30
3141,***.90.400/****-42
3142,***.92.366/****-36
3143,***.92.660/****-15
3144,***.92.660/****-52
3145,***.92.664/****-38
3146,***.92.664/****-41
3147,***.92.682/****-00
3148,***.92.690/****-30
3149,***.92.753/****-07
3150,***.92.753/****-12
3151,***.92.784/****-80
3152,***.92.910/****-85
3153,***.93.209/****-39
3154,***.94.082/****-86
3155,***.94.946/****-05
3156,***.95.591/****-18
3157,***.96.193/****-76
3158,***.96.435/****-92
3159,***.96.507/****-45
3160,***.97.324/****-95
3161,***.97.389/****-11
3162,***.97.428/****-08
3163,***.97.518/****-24
3164,***.97.535/****-15
3165,***.97.552/****-20
3166,desconhecido
