PROJETO-ID,PROJETO
0,0101 - FCPC
1,0102 - FCPC/124.585-6
2,0104 - FCPC - 124.176-1 - ENCARGOS
3,1001 - FINEP/MAGNETISMO
4,1003 - FINEP/GESTAO DAS AGUAS(RECOPE)
5,1005 - FINEP/MANEJO INTEGRADO(RECOPE)
6,1010 - FINEP/CERAMICA(PADCT)
7,1011 - FINEP/GEOMETRIA DAS IMERSOES(PRONEX)
8,1014 - SRH/RECURSOS HIDRICOS
9,1015 - UFC/EDITORA
10,1016 - CARTA -  UFC/FCPC RADIO UNIVERSITARIA FM
11,1016 - CARTA - UFC/FCPC RADIO UNIVERSITARIA FM
12,1017 - CT - UFC/FCPC - PROJETO DE ORIENTAÇÃO FARMACEUTICA AOS USUARIOS DA FARMÁCIA UNIVERSITÁRIA DA FARMÁCIA-ESCOLA
13,1017 - CT. UFC/FCPC - PROJETO DE ORIENTAÇÃO FARMACEUTICA AOS USUARIOS DA FARMÁCIA UNIVERSITÁRIA DA FARMÁCIA-ESCOLA
14,1018 - FINEP/FITOTERAPICOS
15,1019 - CT - RNP/INTERNET
16,1020 - UFC/ODONTOLOGIA
17,1021 - CT/SAMEAC
18,1022 - CT -  CURSO DE ESP. EM INFORMATICA
19,1023 - CT - UFC/FCPC - CURSO DE BIOLOGIA MOLECULAR
20,1024 - BNB/MICROCREDITO
21,1026 - BNB/LIMOEIRO
22,1027 - BNB/IGUATU
23,1028 - BNB/CRATEUS
24,1029 - BNB/SOBRAL
25,1030 - BNB/JUAZEIRO DO NORTE
26,1031 - CT/FCPC-ESMALTEC
27,1033 - FCPC/JONHSON
28,1034 - CV - IJF-TRAUMA
29,1035 - CV -  EMBRAPA/PRODUTOS REGIONAIS-RENATA
30,1040 - EXAME PATERNIDADE
31,1047 - UFC/CERIMONIAL
32,1048 - LEMA - LAB. ESTATISTICA E MAT. APLICADA
33,1049 - SMDS/PRESTACAO DE SERVICOS
34,1050 - CARTA/FCPC/CASA AMARELA
35,1053 - CT - CURSO DE ESP. EM SAUDE DA FAMILIA
36,1055 - CT -  CURSO ENDODONTIA
37,1057 - CT -  CURSO ESP. TECN. DA INFORMACAO-ETI
38,1062 - CT -  CURSO DE ANALISES CLINICAS
39,1063 - CT -  CURSO DE MICROBIOLOGIA E PARASITOLOGIA
40,1067 - CEPOP/FCPC
41,1069 - CT -  CURSO DE REDES DE COMPUTADORES
42,1078 - CT - UFC/CASAS DE CULTURA
43,1080 - CT UFC/FCPC - VESTIBULAR-2000
44,1081 - FCPC/SAS/SINE PEQ/CE
45,1085 - CT - CURSO DE ESP.EM PROTESE DENTAL
46,1088 - CURSO LIA-EXTENSAO
47,1089 - RESCISAO CONTRATUAL
48,1090 - ANALISES DE ALIMENTOS
49,1103 - KEW/FCPC-141
50,1107 - CT - FCPC/POLYMAR-LIVRO QUITOSONA
51,1108 - CURSO DE ESP.EM INF.OBJETO DISTRIBUIDOS
52,1109 - CT - UFC/FCPC - EDIÇÕES UFC - PRESTAÇÃO DE SERVIÇOS
53,1109 - CT. UFC/FCPC - EDIÇÕES UFC - PRESTAÇÃO DE SERVIÇOS
54,1114 - CV/COELCE/UFC/FCPC-COOPERACAO TECNICA
55,1116 - CV - BN/PEDOCLIMATICO DO CAJUEIRO NA BA
56,1122 - CV - BN/UFC/ESTUDOS EM PLANTAS MEDICINAIS
57,1127 - CT - UFC/FCPC-CURSO ETI-2000
58,1128 - CT - UNESCO/FUNASA/MS-VIGISUS
59,1133 - CV - FUNCAP/FCPC-N.02/2000
60,1136 - CT - UNIFOR/FCPC/FARMACIAS VIVAS
61,1140 - CT - UFC/FCPC/CURSO ETIGI
62,1142 - CURSO INFORMATICA EDUCATIVA
63,1143 - CT UFC/FCPC - INVESTIGACAO LITERARIA
64,1144 - CT - UFC/FCPC/SERVICOS DE APOIO -LEI
65,1149 - CT - CURSO DE ESP.EM INFORMATIACA PIAUI
66,1152 - FCPC / UFC - FUNDACAO FORD
67,1156 - CV - CNPQ/PRONEX/GEOMETRIA DAS IMERSOES
68,1157 - CV - CNPQ/FCPC-PRONEX QI
69,1161 - CV - FINEP/PESQUISA EM C.MATEMATICAS
70,1163 - CT SEDUC/UFC/FCPC-MAGISTERIO/LIC.PLENA
71,1164 - CT FCPC / MT - PLANFOR
72,1166 - CARTA FCPC / GRACO 2001
73,1168 - CV - FUNCAP/03/2001
74,1170 - CV - PRODETAB/FCPC/EMBRAPA-001-02/99
75,1175 - CT - PETROBRAS/FCPC-OLEO  PESADO MODELAGEM
76,1176 - CT SEDUC/FCPC/MAGISTER PREFEITURAS
77,1179 - CT    FCPC/SAS/SINE    PEQ/CE   -   2001
78,1184 - CV - FCPC/PADCT III - QUIMICA
79,1185 - CT - UFC/FCPC-CURSO DE ESTUDOS LITERARIOS
80,1186 - ENEM/2001
81,1187 - CT - PREF.JUCA/FCPC-CURSO DE FORMACAO
82,1188 - CT - UFC/FCPC-VESTIBULAR 2002
83,1189 - CT - PREF.VICOSA/FARMACIA VIVA
84,1191 - CT - FCPC/PETROLEO E GAS 2
85,1193 - CV - FUNCAP 14/2001
86,1194 - CT 01/070-PNUD- FUB/FCPC-CURSO TV ESCOLA
87,1195 - CT - CURSO DE ESP.EM HEMATOLOGIA E HEMOTER
88,1196 - CT - IMPARH/FCPC/UFC-IMPRESSAO DE MATERIAL
89,1197 - CV - BN/FCPC/MINIFAZENDA MARINHA FASE 02
90,1198 - CT PREF.UMIRIM/FARMACIA VIVA
91,1199 - CT - FCPC/LABOMAR/PETROBRAS/MONITORAMENTO
92,1201 - CT/SSE/FCPC/LACEM/EXAME PATERNIDADE-2001
93,1203 - CV - FUNCAP/FCPC Nº24/2001
94,1205 - CT - FCPC/VESTIBULAR PIAUI/2001
95,1206 - CT -  OCEC / FCPC - CURSOS
96,1207 - CV - FINEP/PETROBRAS/FCPC-ANALISE DE TENSO
97,1208 - CV - FINEP/FCPC/INFRAUFC - 01
98,1211 - CV - PETROBRAS/FCPC/UFRJ-ANALISE DE TENSOES RESIDUAIS
99,1213 - CV UFC / FCPC - PROAP - 24 / 2000
100,1214 - CT - ASSEMA/FCPC/FARMACIA VIVAS-MA
101,1216 - CV - FUNCAP 33/2001
102,1217 - CT - IMPRENSA UNIVERSITAR
103,1218 - CV - FINEP-FCPC-INFRA 01/2001
104,1219 - CV - UFC/UFPI/FCPC-MESTRADO PIAUI
105,1220 - CT UFC/FCPC - AMPLIACAO POS-GRADUACAO
106,1222 - CV FCPC/UNITRABALHO - INCUBADORA
107,1223 - CT - UFC/FCPC/CURSO ETI - 2002
108,1224 - CV - FUNCAP. 04/2002
109,1225 - CV FINEP/FCPC - CTPETRO EMISSAO ACUSTICA
110,1226 - CV - FCPC-COELCE 6º TERMO ADITIVO
111,1227 - CV - FCPC-IMPARH/BIBLIOTECA VIRTUAL
112,1228 - CV - FCPC/COELCE/ 5. TERMO ADITIVO
113,1229 - CT - UFC/FCPC/CONCURSO PUBLICO
114,1230 - CV  COELCE/FCPC  -  7.  TERMO  ADITIVO -
115,1231 - CV - COELCE/FCPC/4. TERMO ADITIVO
116,1232 - CV - COELCE/FCPC- 3. TERMO ADITIVO
117,1233 - CV FCPC/FADE-UFPE- MATERIAIS BETUMINOSOS
118,1234 - CT - FCPC-FARMACIA VIVA PICOS
119,1235 - CT - UFC/FCPC/CURSO DE ANALISES CLINICA 2002
120,1236 - CT - UFC/FCPC-PISA
121,1237 - CV - PRODETAB/EMBRAPA/FCPC/054-01/01
122,1238 - DOACAO/FCPC/FARMACIA VIVA
123,1239 - CT - TPA/FCPC/LABOMAR/ILHAS DOS PREAS
124,1240 - CT - UFMA/FCPC/CONCURSO MARANHAO
125,1241 - CV - BN/FCPC/MC-RIO GRANDE DO NORTE
126,1242 - CT - SMS/FCPC/PRESTACAO DE SERVICOS
127,1243 - PETROBRAS/FCPC/PROJETO MARAMBAIA
128,1245 - CV - FCPC/INST.ATLANTICO COOPERACAO TECNIC
129,1246 - CV - PRODETAB/FCPC/EMBRAPA-018-01/04
130,1247 - CT UFC / FCPC - VESTIBULAR 2003
131,1249 - CV - BN/FCPC/EMBRAPA-CULTURAS DO SAPOTI IMPLANTACAO DE UNIDADES DEMONSTRATIVGAS IRRIGADAS DAS CULTURAS DE SAPOTI GRAVIOLA E ATA
132,1250 - CV BN/FCPC/EMBRAPA- CLONES DE UVAS
133,1252 - FCPC/SIMPOSIO -CONGRESSO SEMICONDUTORES
134,1253 - CT FUB / FCPC - TV ESCOLA - III
135,1255 - CV - FUNCAP/FCPC-Nº 11/2002
136,1256 - CV - FUNCAP/FCPC-30/2002
137,1257 - CV - FUNCAP/FCPC-N.18/2002
138,1260 - CV - FUNCAP/FCPC/Nº 35/2002
139,1261 - CV - FUNCAP/FCPC-N. 39/2002
140,1262 - CT - ROHM/EMBRAPA/FCPC-MELAO E ABACAXI
141,1264 - CV - PRODETAB/EMBRAPA/FCPC/014/01-01
142,1265 - CV - PRODETAB/EMBRAPA/FCPC-016-01/01
143,1266 - CT - UNIMED-SOBRAL/FCPC-BOLSISTAS
144,1267 - CT - UFC/FCPC-TAXA DE BANCADA
145,1268 - CV - INST.JOSE FROTA/FCPC-MESTRADO TRAUMA
146,1269 - T.ADESAO CV FINEP/FUNAPE/FCPC-RECOGAS
147,1270 - CT  FCPC/EMBRAPA/PAN  FLORA LTDA./TREINA
148,1271 - FCPC / FARMACIAS VIVAS
149,1272 - ECV 905/2002-CV ELETROBRAS/PROCEL/FCPC
150,1273 - CV - FINEP/FCPC GESTAO BAIXO JAGUARIBE
151,1274 - CV - FADE/UFPE/FCPC-UNIAO E REVESTIMENTO
152,1275 - CV - FADE/UFPE/FCPC-MATERIAIS AVANCADOS
153,1277 - CT - PETROBRAS/CENPES/LABOMAR
154,1278 - CT - BOTICARIO/FCPC-PLANTAS AQUATICAS
155,1280 - CT - UFC/FCPC/CURSO DE ESP. HEMATOLOGIA/03
156,1281 - ACORDO OPAS/OMS/FCPC/PROMED
157,1282 - CV MONYTEL S.A. / FCPC
158,1283 - CT FLORA MEDICINAL/FCPC - OVARIFLORA
159,1285 - CV - SRH/FCPC/CURSO DE TREIN.COLETA/DADOS
160,1286 - DOACAO/FCPC/BANCO REAL
161,1287 - CV - PT - 03 INST.ATLANT./FCPC-JAVA
162,1289 - FCPC/LAUDO TECNICO-CENAUREMN
163,1290 - DOACAO/FCPC/FARMACIA VIVA
164,1291 - CV - FUNCAP/FCPC - N.20/2002
165,1293 - CV - BNB/FCPC/EMBRAPA/CNPAT
166,1297 - CV - BN/FCPC/EMBRAPA/CNPAT
167,1298 - CV - BN/FCPC/EMBRAPA/CNPAT
168,1299 - DOACAOAVEDA/FCPC/FARMACIAS VIVAS
169,1300 - CURSO DE ESP.EM ENDODONTIA-2003
170,1301 - CT - PETROBRAS/FCPC/BACIA POTIGUAR-RN
171,1303 - CNPQ/FCPC-LIVRO SOBRE A SECA NO CEARA
172,1304 - CV BNB/FCPC/EMBRAPA BAIXO JAGUARIBE
173,1306 - FCPC / UFC / SRH - DOACAO
174,1310 - CT - UFC/FCPC/C.DE ESP.BIOLOGIA MOLECULAR/03
175,1311 - CT - UFC/FCPC/C.ESP.EM PROTESE DENTAL/03
176,1312 - CT - UFC/FCPC/C.ESP.EM EST.LITERARIOS/03
177,1313 - CT - UFC/FCPC/CURSO ETI/2003
178,1314 - CT - UFC/FCPC/C.ESP.HEMATOLOGIA II/2003
179,1315 - CT - UFC/FCPC/CURSO ETIGI II
180,1316 - CT FCPC/PETROBRAS -MARAMBAIA-PARACURU/CE
181,1317 - CT - UFC/FCPC/CONCURSO PUBLICO 2003
182,1318 - CT  SINDICAJU/EMBRAPA/FCPC-  FATORES QUE
183,1319 - CV INST.ATLANTICO/FCPC-PLANO TRABALHO 04
184,1320 - CV INST.ATLANTICO/FCPC-PLANO TRABALHO 05
185,1321 - NAJA TURISMO/FCPC/HENRY
186,1322 - CV - BN/FCPC/FINANCAS PUBLICAS MUNICIPAIS
187,1323 - CARTA/CASCAJU/ANALISE SENSORIAL SENSORIAL
188,1324 - CT FCPC/IMP.UNIVERSITARIA-REVISTA IDEIAS
189,1325 - CV - INST.ATLANT.PLANO DE TRABALHO N. 6
190,1326 - CT - ABCC/FCPC/SOL.DE EMERSAO DE CAMARAO
191,1328 - CV - UNIMED/FCPC/HOSPITAL SAO JOSE
192,1329 - CT - UFC/FCPC-VESTIBULAR 2004
193,1330 - FCPC/EMBRAPA/INCAJU
194,1331 - CT FCPC / EAF / IGUATU - CURSOS
195,1332 - CT - UFC/FCPC/CURSO ESP.ANAL.CLINICAS 2003
196,1333 - CV - SIEMENS/FCPC/COPERA
197,1334 - REITOR / FCPC
198,1335 - FCPC / SECRETARIA EXECUTIVA
199,1336 - CV - DIGITRO/UFC/FCPC-COOPERACAO TECNICA
200,1337 - CT FCPC/VESTIBULAR PIAUI / 2004
201,1338 - FCPC / IMPRENSA UNIVERSITARIA
202,1339 - CT - FCPC-FANOR-FACULDADE DO NORDESTE
203,1340 - CV - SOLECTRON/UFC/FCPC/COOPERAGCO TECNICA
204,1341 - CARTA/BN/FCPC-PATROCINIO JORNAL DA EDUCACAO
205,1342 - CARTA/5.ENCONTRO INTERNACIONAL-RIRL
206,1343 - CT - UFC/FCPC/ESPIE
207,1344 - CV - INTELBRAS/FCPC/COOPERACAO TECNICA
208,1345 - CV ERICSSON/UFC/FCPC
209,1346 - CV - EMBRAPA/PRODETAB/FCPC/105-02/01
210,1347 - CV - FLEXTRONICS/FCPC/COOPERACAO TECNICA
211,1348 - CV - FCPC/ELETROBRAS/ECV-932/2003
212,1349 - CT - CENTEC/FCPC/OLIMPIADA DE MATEMATICA
213,1350 - CT - FCPC/UFC/CASAS DE CULTURA
214,1351 - CV - INCRA/FCPC/UFC-COOPERACAO TECNICA
215,1352 - CV - UNITRABALHO/UFC/AVA.QUAL.PROF.-QSP
216,1353 - CV - PRODETAB/FCPC/EMBRAPA-104-02/01
217,1354 - CV - PRODETAB/FCPC/EMBRAPA-101-02/01
218,1355 - CT - FCPC/ANVS/PNUD/HUWC/FARMACIA
219,1356 - CT - FCPC/PREF.MORRINHOS-FARMACIAS VIVIAS
220,1357 - CT - SEDAS/FCPC/OLIMPIADAS DE MAT.E CIENCI
221,1358 - CV -  SEMACE/FCPC-IMPLANTACAO DAS APAS
222,1359 - FCPC/I CONGRESSO INTERN.EM AVAL.EDUCAC.
223,1360 - VESTIBULAR / FDH 2004.1
224,1361 - CV - ICATEL/FCPC/COOPERACAO TECNICA
225,1362 - CV - FUNCAP/FCPC N. 01/2004.
226,1363 - CT - FCPC/PETROBRAS/CENPES-FOGAO SOLAR
227,1368 - CT - FCPC/EMBRAPA/ROHM/POS-COLHEITA  MELAO
228,1369 - CT - FCPC/EMBRAPA/ROHM/MELAO  EXPORTACAO A
229,1370 - CARTA/FCPC/UFC/METODO RIETVELD
230,1372 - CV - FCPC/LABOMAR/SEMACE-ZONEA.ECOLOGICO
231,1373 - CT - FCPC/EAFI/CONCURSO IGUATU
232,1375 - CT - FCPC/EMBRAPA/IFAD TAG 659-ICARDA
233,1376 - CARTA/FCPC/FOGAO SOLAR
234,1378 - CV - FINEP/FCPC-CRIACAO DO C.PESQ. DA UFC
235,1379 - CT - FCPC/P.OLINDA/PROJ.DE CONT.DA EROSAO
236,1380 - CT - UFC/FCPC/CURSO DE ESP.EM DENTISTICA
237,1381 - CT FCPC/DOMINIO - TREINAMENTO
238,1382 - CV - EMBRAPA/PRODETAB/FCPC/1020003/0171-3
239,1384 - FCF/FUNDO DE CREDITO
240,1385 - CARTA/FCPC/LABOMAR ALEMANHA
241,1386 - FCPC/UFC/LINGUAGENS E PADROES
242,1387 - CT - FUND.BIODIVERSITAS/FCPC/ESP.AMEACADAS
243,1389 - CT.FCPC/UNESCO/MS/HIV EM MULHERES
244,1392 - CT - BORTALUZZI/EMBRAPA/FCPC-AGUA DE COCO
245,1393 - CV - INST.ATLANTICO/FCPC-P.TRABALHO 07.
246,1394 - CV - CV - FUNCAP/FCPC-08-2004
247,1397 - CT - UFC/FCPC/CURSO DE ESP.EM TEC.INFORMAC
248,1398 - CT - UFC/FCPC/CURSO DE HEMATOLOGIA 2004.
249,1400 - CV - FUNCAP/FCPC- 15/2004 - PPP
250,1401 - CV - INSTITUTO ATLANTICO/FCPC PT 08
251,1402 - CT - EMBRAPA/FCPC/MAIRTON BRANDAO - BELA CRUZ
252,1403 - CT - UFC/FCPC/VESTIBULAR 2005
253,1405 - CT - FCPC/SEBRAE/CRID-PREST.DE SERVICOS
254,1408 - CT - CENTEC/FCPC-LINGUAGEM DAS LETRAS
255,1409 - CV - SOLECTRON/PT 02 - CADTRON
256,1410 - CV - DIGITRO/FCPC/ROTRIX
257,1411 - CV - FCPC/UNITRABALHO ECONOMIA SOLIDARIA
258,1412 - SOLECTRON/FCPC/TAXAS
259,1413 - CARTA/FCPC/SIMPOSIO DE GPR
260,1414 - CV - PRONERA/INCRA/FCPC-ALFABETIZACAO
261,1415 - CV - PRONERA/INCRA/FCPC-ESC.DE EDUCADORES
262,1416 - CV - FINEP/FCPC-NECROSE EM CAMARAO
263,1417 - CARTA/LABOMAR/CAMAROES MARINHOS
264,1418 - CV - DIGITEL/FCPC-SUPORTE I PV 6
265,1419 - CT - SEBRAE/FCPC-CONSULTORIA
266,1420 - CV - FINEP/FCPC/NUMERATIZAR
267,1421 - CT - SEDAS/FCPC-OLIMPIADA DE PORTUGUES
268,1423 - CT - IICA/FCPC-PRESTACAO DE SERVICOS
269,1424 - DOACAO/UFC/SECRET.DE REC.HUMANOS/FESTAS
270,1425 - CT - UFC/FCPC/CURSO DE ESP.HEM.CLINICA
271,1426 - CT - CPRM/FCPC-PRESTACAO DE SERVICOS
272,1427 - CARTA/FCPC/SEBRAE/AVALIACAO DA PRODUCAO
273,1428 - CV - FUNCAP/FCPC/DCR N. 19/2004
274,1430 - CV - FUNCAP/FCPC-21/2004 - BOLSA
275,1431 - ACORDO OPAS/OMS/FCPC-PROMED II FASE
276,1432 - CV - SESA/UFC/FCPC/DIAG.EPIDEMIOLOGICO
277,1433 - CARTA/FCPC/CPQD/FERNANDO CARVALHO
278,1434 - CV - INCRA/FCPC - PEDAGOGIA DA TERRA
279,1435 - CV - FINEP/FCPC-C.DE MEDICAMENTOS FASE 2
280,1436 - CT SEAGRI/FCPC/PROGRAMA LEITE E SAUDE
281,1437 - CT UFC/FCPC - CASAS DE CULTURA - 2005
282,1438 - CT UFC/FCPC - TAXA DE BANCADA 2005
283,1439 - CT UFC/FCPC-MELHORIA DO ENS.DE GRADUACAO
284,1440 - FCPC / PROGRAD
285,1441 - CV - FINEP/FCPC/EXPOSICAO DA CIENCIA DO CE
286,1442 - CT  UFC/FCPC-CURSO FORMACAO CONTINUADA
287,1443 - CARTA/FCPC/LABOMAR/CEDECAM
288,1445 - CT - PETROBRAS/FCPC/BIODEGRADAVEIS
289,1447 - CT - UFC/FCPC-CURSO ESPIE/2004.
290,1448 - CT - UFC/FCPC/C.ESP.BIOL.MOLECULAR/2005
291,1450 - FCPC/DIAGNOSTICO     DE     FALTAS    EM
292,1451 - CV - INCRA/PRONERA/INCRA/CCA/ATER
293,1452 - CV - DNOCS/FCPC-UNID.PRODUTORA DE ALEVINOS
294,1453 - CARTA/FCPC/SIMP.REDE COMPUTADORES
295,1454 - CT - FCPC/EMBRAPA/IAEA-MOSCA DAS FRUTAS
296,1455 - CV FCPC/PETROBRAS - GASLOG
297,1456 - CT - UNESCO/FCPC/ATENC.PRIMARIA A SAUDE
298,1457 - CT - CAGECE/FCPC/SDOES
299,1458 - TERMO COOP.TECNICA/FINATEC/FCPC
300,1459 - ADM / UFC
301,1460 - FCPC / NPD - PROJETO SOFIA
302,1461 - CV - SEAP/FCPC/CADEIA PROD. LAGOSTA VIVA
303,1463 - CT - UFC/FCPC/CURSO DE ESP.PROTESE DENTAL
304,1464 - CV - FINEP/FCPC/ESSENCIAS N.DE F.TROPICAIS
305,1465 - CV - DIGITEL/FCPC-PT 02
306,1466 - CT - UNESCO/FCPC-STA.CASA URGENCIA E EMERGENCIA
307,1468 - CV - FCPC/TELEMATICA/COOPERACAO TECNICA
308,1469 - CV - PETROBRAS/FCPC/CONTRAPARTIDA UNIAO DE
309,1470 - CT - UFC/FCPC/TESTE DE NIVEL
310,1472 - CV LG / FCPC - COOPERACAO TECNICA
311,1473 - CV - BENCHMARK/FCPC/COOP.TECNICA
312,1475 - CT - FCPC/DNOCS - INVENTARIO
313,1477 - CV - DIGITRO/FCPC/ROTRIX - PT 03
314,1478 - CT - PETROBRAS/FCPC-PROJETO DSOL
315,1481 - CV - FINEP/FCPC-ENSINO-APREND.DE CIENCIAS
316,1483 - CV - PETROBRAS/FCPC-FOME ZERO
317,1486 - CV - 005/2005-BNB/EMBRAPA/ZONEAMENTO
318,1487 - CV - FCPC/SAMSUNG ELETRONICA-COOP.TECNICA
319,1489 - CV - SOLECTRON/FCPC PT 03
320,1490 - CV -  BB/INCRA/FCPC - PROJETOS DE ASSENTAMENTO DO INCRA
321,1491 - CT UFC/FCPC-C.ESP.EM EST.LITERARIOS
322,1492 - CT UFC/FCPC-CASAS DE CULTURA - 2005/2
323,1494 - CV - PETROBRAS/FADE/CONTRAP.BETUMINOSOS
324,1495 - CT - UNESCO/FCPC-POLO DE EDUCACAO
325,1496 - CV - SEAP/FCPC-CULTIVO DA OSTRA
326,1497 - CT - PETROBRAS/FCPC-GAS COMERCIALIZADO
327,1498 - CT - UFC/FCPC/CURSO ENDODONTIA/2005
328,1499 - CARTA/FCPC-COMUNICACAO SOCIAL
329,1500 - CARTA/FCPC-PROJETO FISICA OLIMPIADAS
330,1502 - CT  CPRM/UFC/FCPC-MAPEAMENTO GEOLOGICO E
331,1503 - CT  FCPC/UFC - CURSO DE EXTENSAO DE ANATOMIA
332,1504 - CARTA/FCPC/LABOMAR/EVENTO ISDC E SBSD
333,1505 - CT - BB/FCPC/FORMACAO DE TUTORES
334,1507 - CV - PETROBRAS/FCPC/AGROSILVIPASTORIL
335,1509 - CARTA/FCPC-II CONGRESSO - NAVE
336,1510 - CT - UFC/FCPC/VESTIBULAR - 2006
337,1511 - CT - SAMEAC/FCPC-PRESTACAO DE SERVICOS
338,1512 - CT - JANSSEN-CILAG/FCPC-TRANSPLANTE ANEMIA
339,1513 - CARTA/FCPC/PROJETO MANDIOCA
340,1514 - CV - FUNCAP/FCPC - 16/2005-DCR
341,1515 -  CARTA ACORDO/UNESCO - FCPC-REDE DE HOSP. SENTINELA
342,1515 - CARTA ACORDO/UNESCO - FCPC-REDE DE HOSP. SENTINELA
343,1517 - CT - UFC/FCPC-X ENAPET
344,1518 - CT - FLEM/FCPC-SERVICOS E CONSULTORIA
345,1520 - CT - CAGECE/FCPC/PORTO DO PECEM
346,1521 - CV - CELESTICA/FCPC-ANTENAS-PT 03
347,1522 - CT - UFC/FCPC - CONEXOES DE SABERES NA UFC
348,1523 - CT - CFN/FCPC/PRESTACAO DE SERVICOS - 102
349,1524 - CV -  BNB/FCPC/IMPACTOS DAS ATIV.CRIMINOSA
350,1525 - FCPC / OBRA DETI
351,1528 - CT - FCPC/UFC/CURSO ETI-2005
352,1530 - CT - UFC/FCPC/PROGRAMA NACIONAL DO LIVRO
353,1532 - CARTA/FCPC/PROJETO PARQUE JERICOACOARA
354,1533 - CV - FUNCET/FCPC/I CONFERENCIA MUNICIPAL
355,1534 - CT - FCPC/LACT-LABORATORIO DE ANALISES CLINICAS E TOXICOLOGICAS
356,1535 - CV - PRONERA/INCRA/FCPC/EDUCACAO NO CAMPO
357,1536 - CT - CPRM/FCPC/LEVANTAMENTO GEOFISICO
358,1539 - CT - FCPC/RNP/REDECOMEP
359,1540 - CARTA FCPC/TAXA GTEL
360,1541 - CT CEARAPORTOS/FCPC-PROJETO DE MODELAGEM
361,1542 - CV - FLEXTRONICS PT II
362,1543 - CT - FCPC/UFC/CURSO DE ESP.ANAL.CLINICAS
363,1544 - CV -  SDE/FCPC/JOVEM  AMBIENTALISTA
364,1545 - CV - SDE/FCPC/GERACAO DE TRABALHOS
365,1546 - CARTA/FCPC/PROJETO SOFIA
366,1547 - CT -  UFC/FCPC - RIVED
367,1548 - CV - FINEP/TRATAMENTO DE CANCER
368,1549 - CT - UFC/FCPC-EAD TV ESCOLA
369,1551 - CT - UFC/FCPC/CURSO DE ESP.EM QUIMICA
370,1553
371,1554 - CV - BNB/FCPC- A TEC. A SERV. DA EDUCACAO.
372,1555 - CV. BNB/FCPC/COLECAO BNB/UFC
373,1556 - CV - BNB/ASSENTAMENTO  DE  REFORMA AGRARIA
374,1557 - CV - INST.ATLANT.FCPC PT 09
375,1558 - FCPC / CCV-06 - PROJETO DE ENSINO
376,1559 - CT - PETROBRAS/FCPC/SERVICOS DE COLETA
377,1560 - CV - FINEP/FCPC/CAMARAO BRANCO
378,1561 - CV - FINEP/FCPC/ESTUDOS FARMACOLOGICOS
379,1562 - CT - SEAGRI/FCPC-UTE
380,1563 - CV - SEAGRI/FCPC/CAPACITACAO
381,1565 - CV - SEAGRI/FCPC/FARMACIA VIVAS
382,1566 - CV - SEAGRI/FCPC/CAPRINO-OVINO
383,1567 - CT - UFC/FCPC/TAXA DE BANCADA - 2006
384,1568 - CT - UFC/FCPC/MODERNIZACAO TV ESCOLA
385,1569 - CT - UFC/FCPC/DEFICIENCIA MENTAL CURSO DE
386,1570 - CT PETROBRAS/FCPC-PROJETO DESSALINIZADOR HIBRIDO SOLAR E GAS NATURAL
387,1571 - CARTA/TAXA - DESSALINIZADOR HIDRICO
388,1574 - CV -  SEDAS/FCPC/HORTAS ESCOLARES
389,1575 - CV - SDE/FCPC/HORTAS ESCOLARES
390,1579 - CV - SEDAS/FCPC/UNIESCOLA
391,1580 - CT - DEC/ME/FCPC-IMPACTO AMBIENTAL
392,1581 - CT - UFC/FCPC/CURSO DE ESP.EM GEOGRAFIA
393,1582 - CV - SEDAS/FCPC/INFORMATICA EDUCATIVA
394,1583 - CT - UFC/FCPC/CURSO DE ESPEC.EM FISICA
395,1584 - CT - PETROBRAS/FCPC/OLEO DE MAMONA
396,1585 - CT - SMS/FCPC/MEDICAMENTOS FITOTERAPICOS - FARMACIA VIVA
397,1586 - CT - UFC/FCPC - IMPLANTACAO DO CAMPUS DO CARIRI
398,1587 - CT - FCPC/PM/DEFESA SOCIAL NO M.MARACANAU
399,1588 - CT - PMF/FCPC/RESIDENCIA MEDICA
400,1589 - CT - IICA/FCPC/SERVICOS DE CONSULTORIA
401,1590 - CT - UFC/FCPC/C.CULTURA-TESTE DE NIVEL
402,1591 - CV - FCPC/BENCHMARK PT 02-COOP.TECNICA
403,1592 - CT UFC/FCPC-CURSO ESP.HEMATOLOGIA/06
404,1593 - CV - CELESTICA/FCPC PT 04
405,1594 - CV PADETEC/FCPC-OLEO ECOLOGICO
406,1595 - CV - JABIL/FCPC/COOPERACAO TECNICA-T.A 02
407,1596 - CV - JABIL/FCPC/T.A 001/2006
408,1597 - CV -  SEAP/CEAC/FCPC/021/2005
409,1599 - CT - FCPC/LANXESS/PRESTACAO DE SERVICOS
410,1600 - CV - LG/FCPC/2. TERMO ADITIVO
411,1601 - CV -  UFC/FCPC/TECHSUL N-1 COOPERACAO
412,1602 - CV - TELEMATICA/FCPC
413,1606 - CT - UFC/FCPC/C.ESP.EM BIOLOGIA MOLECULAR
414,1608 - CV - SAMSUNG/FCPC-PT 01-FACE RICOG
415,1609 - CV - FINEP/FUNPEC-FCPC/GEOFAMB
416,1610 - CARTA/FCPC/FARMAODONTO-90 ANOS
417,1611 - CT - SEBASTIAO/FCPC/EMBRAPA/AGUA DE COCO
418,1612 - CV - SOLECTRON/FCPC/T.ADITIVO  02  P.T. 04
419,1614 - CT - UFC/FCPC-IMPLANTACAO DE SOFTWARE
420,1615 - CARTA/FCPC/PETCON/ERNESTO
421,1616 - CT - UFC/FCPC/AUTO-AVALIACAO INSTITUCIONAL
422,1617 - CV - SAMSUNG/FCPC-PT 03 -DOC VIEWER
423,1619 - TERMO COOP.PETROBRAS/FCPC/MONITORAMENTO AMBIENTAL
424,1620 - CARTA SAMSUNG/RENDIMENTOS/PT 02
425,1621 - CARTA/SAMSUNG/RENDIMENTOS/PT 03
426,1623 - CT - SMS/FCPC/CONCURSO AGENTE COMUNITARIO
427,1624 - CT - SMS/CONCURSO AGENTE SANITARISTA
428,1628 - CV - SMS/FCPC/CENTRO ATENDIMENTO PSICOSSOCIAL
429,1629 - CV - PETROBRAS/FCPC/SEMACE/ZEE
430,1630 - CV - PADETEC/FCPC/ADITIVOS VERDES
431,1631 - CT -  UFC/FCPC - ADMINISTRACAO A DISTANCIA
432,1632 - CT - UFC/FCPC/CURSO ETI/2006
433,1634 - CV - UNITRABALHO/FCPC/PD 100-012-PNQ/2006
434,1635 - CV - FNS/FCPC SAUDE PERINATAL
435,1641 - CV - BNB/FCPC/CURSO DE MESTRADO
436,1642 - CARTA/FCPC/UNITRABALHO
437,1643 - CT - UFC/FCPC/INCRA/PROG.NAC.EDU.NO CAMPO
438,1644 - CT - FCPC/IPREDE/PRESTACAO DE SERVICOS
439,1645 - CV - FCPC/HABITAFOR-F.HABIT.DE FORTALEZA
440,1646 - CV - FUNCET/TOMBAMENTO MUNICIPAL
441,1647 - CT - UFC/FCPC/VESTIBULAR 2007
442,1648 - TERMO COOP.PETROBRAS/FCPC/ANAL.DE DADOS
443,1649 - CV -  BB/FCPC/UFC - ADMINISTRACAO A DISTANCIA
444,1649 - CV - BB/FCPC/UFC - ADMINISTRACAO A DISTANCIA
445,1650 - CV - BNB/PROD.DE JUVENIS DE CAMURIM
446,1651 - CV - BNB/FCPC/PROD.DE JUVENIS PEIXES
447,1652 - CV - UNITRABALHO/FCPC/MEU NEG.E TURISMOS
448,1653 - CT - UFC/FCPC/EXAME PATERNIDADE PATERNIDADE
449,1654 - CV - FINEP/FADE/FCPC/SOLDAGEM
450,1655 - CT - UFC/FCPC/PROG. POS-GRADUACAO EM EDUCACAO BRASILEIRA
451,1656 - CV - FINEP/FCPC/HUWC/CENTRO PESQ.CLINICAS
452,1657 - CT - SEAGRI/FCPC-PROGRAMA LEITE E SAUDE
453,1658 - CV - BNB/FCPC/REVISTA DE C.SOCIAIS DA UFC
454,1660 - CV - SECITECE/FCPC/ESCOLA LUDICA - 09/2006
455,1661 - CV -  13/2006 - SECITECE/FCPC/DOUTORADO EM ARQUITETURA
456,1661 - CV - 13/2006 - SECITECE/FCPC/DOUTORADO EM ARQUITETURA
457,1662 - CT -  UFC/FCPC/CURSO DE ESP. EM ENSINO DE HEMATOLOGIA HEMOTERAPIA
458,1663 - CV - ERICSSON/FCPC-T.A 01 E 02 - UFC
459,1664 - CT - SDE/FCPC-DESEMPREGO SUBEMPREGO
460,1665 - CV - PADETEC/FCPC-MONITORAMENTO DE AREAS
461,1666 - CV.SEDAS/FCPC/EDUCACAO INFANTIL
462,1667 - CT - CAGECE/FCPC-SDOES-48/2006
463,1668 - CV - PETROBRAS/FCPC/GEOFAMB/ CONTRAPARTIDA
464,1668 - CV. PETROBRAS/FCPC/GEOFAMB/ CONTRAPARTIDA
465,1669 - CARTA/FCPC/III CONGRESSO INTER.AVALIACAO
466,1670 - CV - DIGITRO/FCPC - PT 04
467,1671 - CT - EMPRESAS/FCPC/CURSO DE MEST.AVALIACAO P.PUBLICAS
468,1674 - CARTA/FCPC/CURSO DE ESTOMATOLOGIA
469,1675 - CT - UFC/FCPC/RECITAIS DO ICA DA UFC
470,1676 - CT - UFC/FCPC/ORQUESTRA DE CAMERA SESI/ICA
471,1678 - CV FINEP MACICO DE BATURITE
472,1679 - CT - UFC/FCPC/CASAS DE CULTURA 2006.2
473,1681 - CT - UFC/FCPC/VESTIBULAR 2006.2 C.E SOBRAL
474,1682 - CARTA FCPC/CAGECE-PORTUARIO DO PECEM
475,1683 - CV - SEGRI/FCPC/CEPOP PROG.LEITE
476,1684 - CT -  FINOBRASA/PRESTACAO DE SERVICOS
477,1685 - CT - UFC/FCPC/CONCURSO ADMINSITRATIVO
478,1686 - CT -  FATEC/FCPC/FARMACOPEIA
479,1687 - CARTA ACORDO/OMS/FCPC/PRO-SAUDE MEDICINA
480,1688 - CV - SEAGRI/FCPC/217/SDLR/2006
481,1689 - CARTA/FCPC/UFC VIRTUAL
482,1691 - CV - FUNCET/FCPC/PATRIMONIO HISTORICO
483,1692 - CT - EMBRAPA/FCPC/MENINA/PREST.SERVICOS
484,1693 - CT - UNITRABALHO/FCPC/PREST.SERVICOS
485,1694 - CARTA/FCPC/III JORNADA DE ECON.DA SAUDE
486,1695 - CT - BNB/FCPC/III JORNADA E.DA SAUDE
487,1696 - CV - SEAP/FCPC - DIG. DOS CONFLITOS
488,1697 - CV - FUNCAP - FCPC-20/2006
489,1698 - CT - UFC/FCPC/TESTE DE NIVEL-2006.1.2
490,1699 - CV - FUNCAP/FCPC-19/2006
491,1700 - CT -  SESA/FCPC/UFC - CONSULTORIA
492,1713 - CARTA ERICSSON/TAXA 1345/01
493,1717 - CV - FUNCAP/FCPC-027/2006 - APOIO DE INFRA ESTRUTURA LABORATORIAL
494,1720 - CARTA/FCPC/TAXA LESC
495,1735 - CARTA - FCPC/CEDEFAR/FFOE/UFC
496,1738 - CV - BNB/FCPC/AVALIACAO DOS HIBRIDOS EXPERIMENTAIS DE MELAO
497,1789 - CV - FUNCAP/FCPC- 04/2007 - PRONEX
498,1790 - CV - FUNCET/UFC/FCPC-PROGRAMA DE FORMACAO EM AUDIVISUAL
499,1805 - CV - FINEP/FCPC-SIMULACAO NUMERICA E AVAL. QUALITATIVA DE COMBUSTAO - O
500,1814 - CT - PMF/FCPC - ETUFOR 014/2007
501,1815 - CT - UFC/FCPC IMPLANTACAO DO CAMPUS DA UFC DE SOBRAL.
502,1822 - CT - SEINF/FCPC - QUALIFOR
503,1828 - CARTA FCPC/RESSARCIMENTO - ROSSANA
504,1849 - CARTA FCPC/TAXA LABOMAR
505,1858 - CV - PETROBRAS/CONTRAPARTIDA- FCPC-AVALIAÇÃO QUALITATIVA DE COMBUSTÃO
506,1859 - CV - BNB/EMBRAPA/FCPC - AVALIACAO DE CLONES DE UVAS APIRENICAS
507,1876 - CV - BNB/EMBRAPA/FCPC - AGRONEGOCIO DO CAJA
508,1878 - CV - BNB/EMBRAPA/FCPC - DECORTICADOR DE CASTANHA DE CAJU
509,1887 - CV - PMF/SMS/UFC/FCPC - ODONTO SUS
510,1896 - CT - UFC/FCPC-CURSO DE MESTRADO PROFISS.EM ECON.SETOR PUBLICO
511,1897 -  CT. FCPC/ADUFC - RADIO DEBATE
512,1897 - CT - FCPC/ADUFC - RADIO DEBATE
513,1898 - CV - BNB/FCPC-VALIDACAO DE UM SISTEMA AGROSSILVIPASTORIL
514,1903 - CARTA FCPC/UFC - PRO- REITORIA DE EXTENSAO
515,1910 - CT - UFC/FCPC - GRADUACAO DA UAB
516,1915 - CV - BNB/FCPC/UFC - CURSO DE DOUTORADO INSTIT. EM ARQUITETURA E URB.
517,1922 - CT - PREF. MARACANAU/ PROJETO FEDERAL DE INCLUSAO PRODUTIVA
518,1926 - CT - PMF/FCPC- HABITAFOR - CURSOS DE CAPACITACAO
519,1928 - CT - SIND. BANCARIOS/FCPC - RADIO BANCARIOS
520,1940 - CT - UFC/FCPC - FISICA UAB/UFC
521,1947 - CV - FUNCAP/FCPC -21/2007 - DCR
522,1949 - CV - FUNCAP 22/2007 - DCR
523,1952 - CV - FINEP/CENTEC/FCPC - BENEFICIAMENTO DE GRAOS OLEAGINOSOS
524,1962 - CT - UFC/FCPC - CURSO DE MESTRADO ECONOMIA 2008.1/PIAUI
525,1965 - CT - UFC/FCPC - 2ª OFERTA CICLO BASICO MIDIAS EDUCACAO
526,1966 - TERMO COOPERACAO UNODOC/FCPC - CRIANCAS TRANSMISSAO DE HIV
527,1969 - CV - UNIVERSIDADE DE AACHEN/UFC - AQUASOL SOLAR
528,1971 - CT - UFC/FCPC-SELECAO GRADUACAO TRANSFERIDO
529,1974 - CV - FINEP/FADE/FCPC - TECNICAS REVESTIMENTO METALICO
530,1977 - TERMO DE COOP.PETROBRAS/FCPC-COMPARTILHAMENTO DE DADOS E INFORMACOES
531,1983 - CT - UFC/FCPC/UFPI/UFMA - SISTEMA UNIVERSIDADE ABERTA DO BRASIL
532,1986 - CT - UFC/FCPC - MESTRADO PROFISSIONAL ECONOMIA EMPRESA 2008/1
533,1990 - CV - FEC/SECULT - AUDIOVISUAL II
534,1992 - CT - UFC/FCPC PROJETO BASICO DA FASE II DO UCA
535,1994 - CT - UFC/FCPC REGISTROS DE DIPLOMAS
536,2001 - CT - UFC/FCPC - ESTRUTURACAO DO NUCLEO UAB NA UFC
537,2010 - CT - UFC/FCPC - CURSO DE ESPECIALIZACAO EM ENSINO DE FISICA
538,2011 - CT - UFC/FCPC - CURSO DE ESP. EM AUDIOVISUAL EM MEIOS ELETRONICOS
539,2013 - T UFC/SEAP/FCPC - PRODUÇÃO DE PEIXES MARINHO NO CEARA
540,2015 - CT - CPRM/UFC/FCPC - PLATAFORMA CONTINENTAL OESTE - CEARA
541,2019 - CT - UFC/FCPC - CURSO DE MESTR PROFISSIONAL EM POLITICAS PUBLICAS 2008
542,2021 - CARTA FCPC/COORDENADORIA DE ATIVIDADES DESPORTIVAS E LAZER
543,2028 - CV - BNB/EMBRAPA/FCPC - PRODUCAO DE NONI
544,2030 - CV - BNB/FCPC/EMBRABA - CNPAT - PROJETO PILOTO DE PRODUCAO INTEGRADA
545,2034 - CT - EMPRESAS/UFC/FCPC - MESTRADO AVALIACAO POLITICAS PUBLICAS
546,2037 - CV - CAGECE/UFC/FCPC-SISTEMA DE DESCARGA DE EFLUENTES DO COMPL. DO PECEM
547,2051 - CV - FNS/FCPC - IMPLEMENTACAO DE ACOES DE ATENCAO A SAUDE DA CRIANCA
548,2053 - CV - SECRETARIA ESPORTE/FCPC - VILAS OLIMPICAS CONJ.CEARA/GENIBAU
549,2054 - CV - SECRETARIA ESPORTE/FCPC - VILAS OLIMPICAS MESSEJANA/CASTELAO
550,2056 - CARTA-ACORDO OPAS/UFC/FCPC - REGESUS
551,2060 - CT - FCPC/CPRM-LEVANTAMENTO BATIMETRICO/FACIOLOGICO DA PLAT. CONT. PB
552,2063 - CV - MINISTERIO DA SAUDE/FCPC - TERAPIA COMUNITARIA
553,2065 - CV - BNB/EMBRAPA/FCPC-PRAGAS E DOENCAS DO MELOEIRO
554,2066 - CV - FUNCEME/FCPC - DIAGNOSTICO DA QUALIDADE AMBIENTAL
555,2071 - CV - BNB/UFC/FCPC - 3 TURMA MESTRADO POLITICAS PUBLICAS
556,2091 - CT - UFC/FCPC - CURSO DE ESPECIALIZACAO - RESIDENCIA EM FISIOTERAPIA
557,2094 - CARTA UFC/FCPC - CURSOS DE EXTENSÃO DO HUWC
558,2095 - CARTA UFC/FCPC - CONGRESSO INTERN. EM AVAL. EDUCACIONAL
559,2099 - CT - UFC/FCPC - CURSO DE ESP. EM TECNOLOGIAS DA INFORMACAO
560,2100 - CT - UFC/FCPC-CURSO DE ESP. PSICOMOTRICIDADE CLINICA
561,2102 - CV - BB/UFC/FCPC-APOIO AS ATIVIDADES DA UFC
562,2103 - CV - BANCO DO BRASIL/FCPC/APOIO AS ATIVIDADES DA FCPC
563,2105 - CV - BB/UFC/FCPC-APOIO AS ATIVIDADES DA UFC - 2009
564,2106 - CV - BB/UFC/FCPC-APOIO AS ATIVIDADES DA UFC - 2010
565,2107 - CV - BB/UFC/FCPC-APOIO AS ATIVIDADES DA UFC - 2011
566,2108 - CV - BB/UFC/FCPC-APOIO AS ATIVIDADES DA UFC 2012
567,2109 - CV - BNB/FCPC - LABORATORIO DE ESTUDOS DE POLITICAS PUBLICAS(LEPP)
568,2111 - CT - PETROBRAS/FCPC-MONITORAMENTO IPIRANGA
569,2112 - CV - IJF/UFC/FCPC-MANUTENCAO DA AREA DE POS-GRADUACAO EM TRAUMA
570,2114 - CV - BNB/FCPC - CAIO PRADO JUNIOR
571,2118 - CT - FCPC/CDSA-SENSOR OPTICO PARA MEDIDAS DE ALTAS TENSOES E CORRENTES
572,2119 - CV - ERICSSON/UFC/FCPC - TERMO ADITIVO 07/2008
573,2121 - CV - ERICSSON/UFC/FCPC - TERMO ADITIVO 08/2008
574,"2126 - CT - BRISTOL/FCPC/UFC - PESQUISAS, TESTES E ENSAIOS NA AREA DE ANTI-INF"
575,2127 - CT - UFC/FCPC-CURSO DE ESPECIALIZACAO EM PROTESE DENTARIA
576,2133 - CT - CPRM/FCPC-MAPEAMENTO GEOLOGICO E LEVANTAMENTO
577,"2137 - CV - FINEP/FADE/UFC/FCPC-BIODIESEL, PETROLEO E ENERGIA"
578,2142 - CV - FUNCAP/FCPC - 02/2008 - EVENTOS
579,2143 - CV - BNB/FUNDECI/EMBRAPA/FCPC - CORDEIRO DO CARIRI
580,2144 - CT - UFC/FCPC - FORTALECIMENTO DA EDUCACAO EM DIREITOS HUMANOS
581,2147 - CV - FUNCAP/FCPC-06/2008
582,2151 - CV - FUNCAP/FCPC- 03/2008 - SEGURANCA PUBLICA
583,2153 - CV - FUNCAP/FCPC - 07/2008 - PROGRAMA PRIMEIROS PROJETOS - PPP
584,2155 - CV - FUNCAP/FCPC-09/2008 - PROGRAMA PRONEX
585,2156 - CV - FUNCAP/FCPC - 10/2008 - TECNOLOGIA DA INFORMACAO
586,2166 - CT - UFC/FCPC-MIDIAS NA EDUCACAO - OFERTA DOS CICLOS BASICO
587,"2167 - CV - BNB/FCPC/EMBRAPA CNPAT- ""AVALIAÇÃO PROGENIES"""
588,2169 - CV - FINEP/FCPC-GESTAO DAS AGUAS SEMI-ARIDO
589,2171 - CV - SECULT/FCPC - COLECAO NOSSA CULTURA
590,2172 - CV - PARKS/UFC/FCPC - COMUNICAÇÃO DIGITAL
591,2174 - CT - UFC/FCPC - RESIDENCIA EM FARMACIA HOSPITALAR 2009
592,2175 - CT - UFC/FCPC-MIDIAS NA EDUCACAO - CICLO AVANCADO
593,2179 - CT - CEARAPORTOS/FCPC-PROGRAMA DE MON. DA BIOTA BENTONICA
594,2180 - CT - UFC/FCPC -PROJETO DESCENTRALIZACAO REDE NAC.DE FORM. CONTINUADA
595,2185 - CT - UFC/FCPC - CURSO DE GRADUACAO UAB 3º E 4º SEMESTRE
596,2186 - CT - UFC/FCPC-CURSO DE GRADUACAO ADMINISTRACAO - 4º E 5º SEMESTRE
597,2188 - CV -  ERICSSSON/UFC/FCPC - TERMO ADITIVO 09/2009
598,2188 - CV - ERICSSSON/UFC/FCPC - TERMO ADITIVO 09/2009
599,2189 - CV -  SICONV/SEAP/UFC/FCPC - CEBIAQUA
600,2189 - CV - SICONV/SEAP/UFC/FCPC - CEBIAQUA
601,2190 - CV -  FOXCONN - PLANO DE TRABALHO 02
602,2191 - CT -  UNIVERS.DE COLUMBIA/FCPC -GEREN. DO RISCO CLIMAT. P/ SUSTENT.HIDRI
603,2191 - CT - UNIVERS.DE COLUMBIA/FCPC -GEREN. DO RISCO CLIMAT. P/ SUSTENT.HIDRI
604,2192 - CV -  FLEXTRONICS/T.ADITIVO Nº 01-TREINAMENTO E DESENV. NA PLATAFORMA
605,2193 - TERMO DE COMPROMISSO SECULT/FCPC - BIBLIOTECA DIGITAL
606,2195 - CV -  FINEP/FCPC - CENTRO DE ALERTA DE FENOMENOS EXTREMOS
607,2195 - CV - FINEP/FCPC - CENTRO DE ALERTA DE FENOMENOS EXTREMOS
608,2196 - CV - SICONV/SEAP/FCPC/UFC-PLDM
609,2196 - CV.SICONV/SEAP/FCPC/UFC-PLDM
610,2197 - CV -  LG PLANO DE TRABALHO 05
611,2197 - CV - LG PLANO DE TRABALHO 05
612,2198 - CT -  MANTECORP/FCPC/UFC - ESTUDO MULTICENTRICO
613,2198 - CT - MANTECORP/FCPC/UFC - ESTUDO MULTICENTRICO
614,2199 - CV -  BNB/UFC/FCPC - I ENCONTRO NACIONAL DE DIREITO NO CARIRI
615,2200 - CV -  PETROBRAS/FADE/FCPC - REVEST. METALICO/CONTRAPARTIDA
616,2200 - CV - PETROBRAS/FADE/FCPC - REVEST. METALICO/CONTRAPARTIDA
617,2201 - CT - CEFET/FCPC - DEMANDA DE EDUCACAO PROFISSIONAL/TECNOLOGICA
618,2202 - CV -  FNS/FCPC-ESTUDO SOBRE SAUDE PERINATAL EM 4 CAPITAIS NORDESTINA
619,2202 - CV - FNS/FCPC-ESTUDO SOBRE SAUDE PERINATAL EM 4 CAPITAIS NORDESTINA
620,2203 - CARTA - UFC/FCPC VIII ENCONTRO CEARENSE DE HISTORIADORES
621,2204 - CT - TJ/FCPC - PROGRAMA DE CAPACITACAO DE FUNCIONARIOS DO TJ
622,2206
623,2206 - CT-FCPC/UFC - FORMAÇÃO DE AUXILIAR DE BIBLIOTECA A DISTANCIA
624,2207 - CARTA FCPC - 8TH - INTERNATIONAL CONFERENCE ON INDEPENDENTE
625,2208 - CT-FCPC/UFC - EDUCACAO NA SAUDE-UNASUS
626,2209 - CT -  UFC/FCPC-INFRA-ESTRUTURA DAS BIBLIOTECAS DE APOIO PRESENCIAL
627,2209 - CT - UFC/FCPC-INFRA-ESTRUTURA DAS BIBLIOTECAS DE APOIO PRESENCIAL
628,2210 - CT-FCPC/UFC - RENORBIO
629,2211 - CT-FCPC/UFC - PROJETO PILOTO NACIONAL DE TELESAUDE
630,2212 - CT -  UFC/FCPC -ACOES REFERENTES AO 1º E 2º SEMESTRES
631,2212 - CT - UFC/FCPC -ACOES REFERENTES AO 1º E 2º SEMESTRES
632,2213 - CT -  UFC/FCPC - PROJETO PROJOVEM CAMPO
633,2213 - CT - UFC/FCPC - PROJETO PROJOVEM CAMPO
634,2214
635,2215
636,2216 - CT - FCPC/UFC - PROJETO DE DESCENTRALIZAÇÃO PAR
637,2218 - CT FCPC/UFC - LICENCIATURA EM LIBRAS A DISTANCIA
638,2219 - CT -  D.D.GASPAR-ME/FCPC/NUTEC/EMBRAPA MELHORIA EXT.AGUA DE COCO
639,2221 - CT -  FAIMER/FCPC-PROGRAMA EDUCACIONAL FAIMER 2008.2
640,2222 - CT - FAIMER/FCPC - PROGRAMA EDUCACIONAL FAIMER 2009
641,2224 - CT -  UFC/FCPC - CURSO DE MESTRADO EM AVALIACAO DE POLITICAS PUBLICAS -
642,2224 - CT - UFC/FCPC - CURSO DE MESTRADO EM AVALIACAO DE POLITICAS PUBLICAS -
643,2225 - CV -  SAMSUNG/UFC/FCPC - PLANO DE TRABALHO 09
644,2226 - CV -  DE COOPERACAO FAUF/FCPC - PROJETO LER PARA CRER
645,2228 - CV -  PMF/FCPC - HABITAFOR
646,2228 - CV - PMF/FCPC - HABITAFOR
647,2229 - CV -  DIGITRO/FCPC/UFC/DESENVOLVIMENTO SOFTWARE ATUM EXTENTED
648,2229 - CV - DIGITRO/FCPC/UFC/DESENVOLVIMENTO SOFTWARE ATUM EXTENTED
649,2230 - CV - UFC/FCPC/BENCHMARK PT 05 - ACOMPANHAMENTO DO PROCESSO FABRIL
650,2232 - CV -  TELEMATICA/FCPC - TELEMATICA SISTEMAS INTELIGENTES LTDA. PT 04
651,2233 - CV -  CEFET/FCPC - CURSOS DE LIC. MATEMATICA E TEC. EM HOSPEDAGEM
652,2233 - CV - CEFET/FCPC - CURSOS DE LIC. MATEMATICA E TEC. EM HOSPEDAGEM
653,2234 - CV -  FADE/FCPC/UFC - CONTRAPARTIDA PETROBRAS
654,2234 - CV - FADE/FCPC/UFC - CONTRAPARTIDA PETROBRAS
655,2235 - CV -  CAGECE/UFC/FCPC/MONITORAMENTO SDOES
656,2235 - CV - CAGECE/UFC/FCPC/MONITORAMENTO SDOES
657,2238
658,2240 - CV -  BNB/FCPC - TRAJETORIAS E OLHARES SOBRE VIOLENCIAS E CONFLITOS SOCI
659,2241 - CV -  MS/FCPC-CURSO SOBRE TERAPIA COMUNITARIA SISTEMICA INTEGRATIVA
660,2242 - CT - ACHE/UFC/FCPC - ARTROLIVE
661,"2243 - CV - BNB/FCPC - HISTÓRIA, ORGANIZAÇÃO E TITULAÇÃO DOS ASSENTAMENTOS DO CEARÁ"
662,"2243 - CV. BNB/FCPC - HISTÓRIA, ORGANIZAÇÃO E TITULAÇÃO DOS ASSENTAMENTOS DO CEARÁ"
663,2244 - CT -  ROCHE/UFC/FCPC - ESTUDO CLINICO C.E.R.A
664,2246 - CV - FINEP/FCPC-HEPERT.ARTERIAL RESIST.E SIND. DA APNEIA OBST.DO SONO
665,2247 - CT -  BIO-RIO/FCPC-PREST.SERVICOS AUMENTO DA CAP.RODOVIA BR-222/CE
666,2248 - CV -  BNB/FCPC - PROJETO DIGITALIZACAO DE ACERVO BIBLIOGRAFICO
667,2249 - CARTA ACORDO OPAS/FCPC-REVALIDACAO DE DIPLONAS DE GRAD. EM MEDICINA
668,2251 - CV - BNB/UFC/FCPC - PORTAL DO MICROCREDITO DO NORDESTE
669,2252 - CT - SSPDS/FCPC - ACOES DE PREVENCAO E COMBATE DA CRIMINALIDADE NO CEARA
670,2253 - CV -  TELEMATICA/FCPC - PT 05 SISTEMAS INTELIGENTES
671,2254 - CV -  BEMATECH/UFC/FCPC - TERMO ADITIVO 03
672,2254 - CV - BEMATECH/UFC/FCPC - TERMO ADITIVO 03
673,2255 - CV -  IPM/FCPC - PREST.SERV.CREDENCIAMENTO DE PROFESSIONAIS E ENTIDADES
674,2256 - CARTA ACORDO OPAS/FCPC-III CONG.BRAS.SOBRE USO DE MEDICAMENTOS
675,2259 - CARTA FCPC/III CONGRESSO BRASILEIRO SOB. USO RACIONAL DE MEDICAMENTOS
676,2260 - CV - FLEXTRONICS/UFC/FCPC - PROJETO SLIP
677,2261 - CV -  SAMSUNG/UFC/FCPC - PLANO DE TRABALHO N° 10
678,2262 - PATROCINIO BNB/FCPC - CHORINHO NA CASA DO ZE
679,2264 - CV -  FLEXTRONICS/UFC/FCPC - PT 07-PC DIAGNOSIS SP
680,2265 - CV - FLEXTRONICS/UFC/FCPC - PT 08 - PC DIAGNOSIS
681,2266 - CARTA LG/FCPC - OUTROS CORRELATOS
682,2268 - CV -  BNB/FCPC- VII ENCONTRO ESTADUAL DE JOVENS DO MST
683,2269 - CV - FLEXTRONICS/UFC/FCPC - PLANO DE TRABALHO N° 09
684,2270 - CV - FLEXTRONICS/UFC/FCPC - PLANO DE TRABALHO N° 10
685,2272 - CT - UFC/FCPC - CURSO DE PSICOLOGIA HOSPITALAR TURMA III
686,2273 - CV - UFC/FCPC-SEDH/PR-COMPLEMENTACAO DA EXPANSAO PAIR
687,2274 - CV - FINEP/FCPC-AVALIACAO DA EFICACIA E SEG.DE ALGUMAS P.MEDICINAIS
688,2275
689,2275 - TAXA 2040 - PT 04
690,2277 - CV -  FLEXTRONICS/UFC/FCPC - PLANO DE TRABALHO 11
691,2277 - CV - FLEXTRONICS/UFC/FCPC - PLANO DE TRABALHO 11
692,2279
693,2279 - CV - CAGECE/FCPC - TRATAMENTO DE ÁGUA
694,2280
695,2280 - CV - CAGECE/FCPC - UTILIZAÇÃO DE DUPLA FILTRAÇÃO
696,2284 - CV - BNB/FUNDECI/FCPC - OVINOTEC - TECNOLOGIAS INTEGRADAS
697,2285
698,2286 - CV -  SDE/PMF/FCPC - COZINHA POPULAR DE FORTALEZA
699,2287
700,2287 - CT - UFC/FCPC - ASPECTOS TOMOGRÁFICOS DA CIRURGIA DE MASTOIDE
701,2288 - CT - UFC/FCPC - CIRURGIA VASCULAR E ANGIOLOGIA NO HUWC
702,2289
703,2289 - CT - UFC/FCPC - PACIENTES SUBMETIDOS A GASTROPLASTIA
704,2290
705,2290 - CT - UFC/FCPC - PERFIL DA LEUCEMIA LINFOIDE CRONICA
706,2291 - CT - UFC/FCPC - PERFIL DOS PACIENTES PORTADORES DE DOENCA CELIACA
707,2292
708,2292 - CT - UFC/FCPC - PACIENTES SUBMETIDOS A TRANSPLANTE DE FIGADO
709,2293 - CT - UFC/FCPC - CARACTERIZAÇÃO AUDIOLOGICA DE IDOSOS
710,2294 - CT - ROCHE/UFC/FCPC - EMERGE 3
711,2295 - CT - NOVARTIS/UFC/FCPC/ PROTOCOLO CRAD001C2324
712,2296
713,2296 - CV - 35/2009 - SEDUC/FCPC - CONFERENCIA ESTADUAL DE EDUCAÇÃO
714,2297 - CT -  UFC/FCPC - PROINFANTIL
715,2297 - CT - UFC/FCPC - PROINFANTIL
716,2299 - CV -  BNB/FCPC - A CRISE DO SISTEMA FINANCEIRO INTERNACIONAL
717,2300 - CV - BNB/FCPC - MANEJO AGROECOLÓGICO DE MOSCAS DAS FRUTAS EM POMARES COMERCIAIS DE GOIABA EM CONDIÇÕES SEMI-ÁRIDAS DO CARIRI CEARENSE
718,2301 - CV -  BNB/FCPC - APOIO A CULTURA SOCIAL E DIGITAL NO ASSENTAMENTO MACEIO
719,2301 - CV - BNB/FCPC - APOIO A CULTURA SOCIAL E DIGITAL NO ASSENTAMENTO MACEIO
720,2302 - CV - BNB/FCPC - CURSO DE ESPECIALIZAÇÃO EM GESTÃO SOCIAL
721,2302 - CV. BNB/FCPC - CURSO DE ESPECIALIZAÇÃO EM GESTÃO SOCIAL
722,2305 - ACORDO DA CONCESSAO DO PROJETO NEURONANO
723,2306 - CT -  IABS/FCPC/CONSULTORIA P/A REALIZACAO DE CURSOS DE QUALIFI
724,2307 - CT -  NOVARTIS/UFC/FCPC - ENSAIO CLINICO CERL080ABR03
725,2308 - CT -  NOVARTIS/UFC/FCPC - ESTUDO CSOM230C2305
726,2308 - CT - NOVARTIS/UFC/FCPC - ESTUDO CSOM230C2305
727,2309
728,2309 - CV - Nº 50/2009 - ESPORTE/FCPC - VILA OLIMPICA DO CANINDEZINHO
729,2310
730,2310 - CV - Nº 49/2009 - ESPORTE/FCPC - VILA OLIMPICA DE SÃO BENEDITO
731,2311 - CARTA INCRA/FCPC/CURSO DE MEDIACAO DE CONFLITOS
732,2312
733,2312 - CT - UFC/FCPC - PORTAIS EDUCACIONAIS
734,2313 - CV - BNB/FCPC - SEMINARIOS INTERNACIONAIS
735,2315 - TERMO DE QUITACAO PETROBRAS/FCPC-MONITORAMENTO AMBIENTAL
736,2316 - CARTA ACORDO OPAS/FCPC-PRO-SAUDE ENFERMAGEM - FASE II
737,2317 - CV -  SECULT/FCPC - ENCONTRO INTERNACIONAL DE IMAGEM CONTEMPORANEA
738,2318 - CV - SME/FCPC-UFC-INFORMATICA EDUCATIVA
739,2319 - CV -  MINC/FCPC-ABRACOS 50 ANOS DO CORAL DA UFC
740,2319 - CV - MINC/FCPC-ABRACOS 50 ANOS DO CORAL DA UFC
741,2321 - CT - COELCE/FCPC - PROJETO ENERGIA SOCIAL
742,2322 - CV -  JABIL/UFC/FCPC - TERMO ADITIVO 12
743,2322 - CV - JABIL/UFC/FCPC - TERMO ADITIVO 12
744,2323 - CT -  TJ/FCPC - EDITORA DO TRIBUNAL DE JUSTICA DO CEARA
745,2323 - CT - TJ/FCPC - EDITORA DO TRIBUNAL DE JUSTICA DO CEARA
746,2325 - CT -  GAIA/FCPC - DESENVOLVIMENTO DE SOFTWARE
747,2325 - CT - GAIA/FCPC - DESENVOLVIMENTO DE SOFTWARE
748,2327 - CARTA ACORDO OPAS/FCPC-PRO-SAUDE - MEDICINA
749,2328 - CT -  UFC/FCPC - CASA DE CULTURA - TESTE DE NIVEL 2009.2
750,2329 - CV -  BNB/FCPC - ACOSFRADE - UTILIZACAO DA MANIPUEIRA
751,2329 - CV - BNB/FCPC - ACOSFRADE - UTILIZACAO DA MANIPUEIRA
752,2330 - CV - BNB/FCPC - ARTE COMO INDUTORA DE EMPREGO E RENDA (CANOA QUEBRADA
753,2332 - CV - BNB/FCPC - ESCOLA DE ECONOMIA SOLIDARIA E CULTURA AMBIENTALISTA
754,2333 - CV -  BNB/FCPC - DESENVOLVIMENTO LOCAL/REGIONAL: SEMINARIOS
755,2333 - CV - BNB/FCPC - DESENVOLVIMENTO LOCAL/REGIONAL: SEMINARIOS
756,2334 - CT -  UFC/FCPC - PLANO DE ACOES ARTICULADAS - PAR
757,2334 - CT - UFC/FCPC - PLANO DE ACOES ARTICULADAS - PAR
758,2336 - CT -  IFET/FCPC - CONCURSO PUBLICO IFET IGUATU
759,2336 - CT - IFET/FCPC - CONCURSO PUBLICO IFET IGUATU
760,2337 - CV - BNB/FCPC-INCUBADORA DE TECNOLOG.DE EMPREEND.POPULARES E SOLIDARIOS
761,2338 - CT -  SANTANDER/FCPC/PRESERVACAO DO ACERVO DAS BIBLIOTECAS UFC
762,2341 - CV - FUNCET/FCPC -PROGRAMA DE FORMACAO EM AUDIOVISUAL/VILA DAS ARTES
763,2342 - CV -  SICONV/SEAP/FCPC - BARRAGEM DO CASTANHAO
764,2342 - CV - SICONV/SEAP/FCPC - BARRAGEM DO CASTANHAO
765,2343 - CT -  ISOFARMA/FCPC/ENSAIOS DE TRATABILIDADE QUIMICA E BIOLOGICA
766,2345 - CARTA FUNDACAO FORD/FCPC/CURSO DE EXTENSAO INICIATIVAS NEGRAS
767,2346 - CARTA COTTBUS/FCPC - WORKSHOP INTERNATIONAL CONFERENCE
768,2347 - CV -  BNB/FCPC - CONFERENCIA INTERNACIONAL - CAPTURA DE CARBONO
769,2349 - CT -  PETROBRAS/FCPC-ANALISE DE AGUA NA AREA DE PROD. DE PETROLEO
770,2349 - CT - PETROBRAS/FCPC-ANALISE DE AGUA NA AREA DE PROD. DE PETROLEO
771,2352 - CT -  FIEC/FCPC/I CONFERENCE INTERNATIONAL CARBON
772,2353 - CV -  CASA CIVIL - CONFERENCIA INTERNACIONAL DE CAPTURA DE CARBONO
773,2360 - CARTA CEPOP/FCPC - NOVA CEPOP
774,2362 - CV -  CGDT/UFC - AMBIENTE COMPUTACIONAL PARA S2GPR
775,2362 - CV - CGDT/UFC - AMBIENTE COMPUTACIONAL PARA S2GPR
776,2363 - CV -  SDE/FCPC - FEIRAS DE FORTALEZA
777,2363 - CV - SDE/FCPC - FEIRAS DE FORTALEZA
778,2365 - CV -  HABITAFOR/FCPC - 4 CONFERENCIA DA CIDADE DE FORTALEZA
779,2366 - CV - BNB/FCPC - ANALISE DO CRESCIMENTO PRO-POBRE
780,2367 - CV -  BNB/FCPC - O DESEQUILIBRIO DE BEM ESTAR SOCIAL NO BRASIL
781,2368 - CV. BNB/FCPC - O IMPACTO DOS EFEITOS CLIMATICOS NA DEMANDA POR ENERGIA
782,2369 - CT -  NOVARTIS/UFC/FCPC - ENSAIO CLINICO CLAF237B2224
783,2369 - CT - NOVARTIS/UFC/FCPC - ENSAIO CLINICO CLAF237B2224
784,2370 - CT -  UFC/FCPC - CURSO DE ESPECIALIZACAO EM ENDODONTIA
785,2370 - CT - UFC/FCPC - CURSO DE ESPECIALIZACAO EM ENDODONTIA
786,2371 - CV - BNB/FCPC - PRODUCAO DE CONHECIMENTO E FORMACAO DE RECURSOS HUMANOS
787,2372 - CARTA ACORDO OPAS/FCPC-CURSO DE GESTAO EM UNIDADES NEO-NATAIS
788,2373 - CV -  SECULTFOR/FCPC-MAPEAMENTO CULTURAL DO M. DE FORTALEZA
789,2373 - CV - SECULTFOR/FCPC-MAPEAMENTO CULTURAL DO M. DE FORTALEZA
790,2374 - CV - SECULTFOR/FCPC-FORTALEZA CIDADE CRIATIVA EM MUSICA
791,2375 - CT - NOVARTIS/UFC/FCPC - ESTUDO CLINICO CSOM230C2303
792,2376 - CT - SETFOR/FCPC-PLANO DE DESENV. INTEGRADO DO TURISMO SUSTENTAVEL
793,2377 - CT - IMPARH/FCPC-CONCURSO SELECIONAR CANDIDATOS P/O PROVIMENTO DE CARGO
794,2378 - CV - INSTITUTO ATLANTICO/FCPC - RNP
795,2379 - CV - BNB/FCPC - ECOS NORDESTE
796,2380 - CV - SME/FCPC - 83/2009 - PROGRAMA BRASIL ALFABETIZADO
797,2381 - CV - BNB/FCPC - SEMINARIOS SOBRE TURISMO E CULTURA REGIONAL
798,2382 - CT - UFC/FCPC - FORMACAO DE EDUCACAO INTEGRAL/PROGRAMA MAIS EDUCACAO
799,2383 - CT - UFC/FCPC - MELHORIA DA QUALIDADE DO ENSINO NA MODALIDADE - EJA
800,"2384 - CT - UFC/FCPC - FORMACAO PROFESSORES, GESTORES, AGENTES -EJA"
801,2385 - CT ISOFARMA/FCPC - ENSAIOS DE TRATABILIDADE QUIMICA
802,2386 - CV - 98/2009 - CAGECE/FCPC - OFERTA DE GORDURA RESIDUAL LANCADA
803,2387 - CT - UFC/FCPC - CURSO ESPECIALIZACAO EM HEMATOLOGIA E HEMOTERAPIA
804,2388 - CT - UFC/FCPC - FORMAÇÃO DE CONSELHEIROS MUNICIPAIS DE EDUCAÇÃO
805,2389 - CT - UFC/FCPC - CICLO AVANÇADO DO PROGRAMA MIDIAS NA EDUCAÇÃO
806,2390
807,2390 - CT - UFC/FCPC - OFERTA DOS CURSOS DE GRADUAÇÃO DA UAB 3º E 4º SEMESTRES
808,2391 - CT -  UFC/FCPC - OFERTA DOS CURSOS DE GRADUACAO DA UAB 5º E 6º SEMESTRES
809,2391 - CT - UFC/FCPC - OFERTA DOS CURSOS DE GRADUACAO DA UAB 5º E 6º SEMESTRES
810,2392 - CT - UFC/FCPC - PROINFO INTEGRADO
811,2393
812,2393 - CT - UFC/FCPC - CURSO PILOTO DE ADMINISTRAÇÃO - 6º E 7º SEMESTRES
813,2394 - CT - UFC/FCPC - CURSO DE MESTRADO PROFISSIONAL EM FINANCAS E SEGUROS
814,2396 - CV - BNB/FCPC - COLOQUIO INTERNACIONAL FRANÇA/BRASIL: OLHARES SOBRE IMAGINÁRIOS E PRÁTICAS CULTURAIS
815,2397 - CARTA UNIAO EUROPEIA/FCPC/ERASMUS MUNDUS
816,2398 - CT - UFC/FCPC - FORMAÇÃO DAS INSTITUIÇÕES DE ENSINO SUPERIOR
817,2399 - CT - UFC/FCPC - PROINFO UCA
818,2399 - CT.UFC/FCPC - PROINFO UCA
819,2400 - CT - UFC/FCPC - ADMINISTRAÇÃO PUBLICA UAB - 1º E 2º SEMESTRES
820,2401 - CV - SMS/FCPC - CAPS REDE MUNICIPAL DE SAUDE MENTAL
821,2402 - CT - UFC/FCPC - CICLO INTERMEDIARIO DO PROGRAMA MIDIAS
822,2403 - CT - UFC/FCPC - CURSOS DE GRADUACAO UAB - 1º E 2º SEMESTRES
823,2404 - CT - UFC/FCPC - TAXA DE BANCADA
824,2405 - CT - UFC/FCPC - PROGRAMA NACIONAL ESCOLA DE GESTORES
825,2406 - CV - SICONV: SEAP/FCPC-025/2009-CIPAR/BEBERIBE/CE
826,2407 - CARTA DYAD/FCPC/MODELAGEM MATEMATICA PARA PLANOS DE SAUDE
827,2408 - CV -  FLEXTRONICS/UFC/FCPC - PROJETO SHRIMP
828,2408 - CV - FLEXTRONICS/UFC/FCPC - PROJETO SHRIMP
829,2409 - CV - SICONV/SENAD/FCPC-017/2009-TERAPIA COMUNITARIA
830,2410 - CT - BB/FCPC-PREST.SERV.TEC.DE TREINAMENTO E APERF. DE PESSOAL-MBA
831,2411 - CT - BB/FCPC-PRET.SERVICOS-EXECUTIVO EM NEG.FINANCEIROS
832,2412 - CT - UFC/FCPC-CURSO DE ESP.EM AUDIOVISUAL
833,2413 - CARTA ACORDO OPAS/FCPC - SESSOES PRESENCIAIS FAIMER 2010
834,2414 - CV - IPEM/FCPC - PARTICIPACAO NA RNP
835,2414 - CV. IPEM/FCPC - PARTICIPACAO NA RNP
836,2417 - CT - UFC/FCPC - MESTRADO POLITICAS PUBLICAS GESTÃO EDUCAÇÃO TURMA 2009
837,2418 - CT - UFC/FCPC - MESTRADO POLITICAS PUBLICAS GESTAO TURMA 2010
838,2419 - CV - 04/2009 FUNCAP/FCPC - TECNOLOGIA E INOVACAO
839,2421 - CT - UFC/FCPC - HISTORIA E CULTURA AFRICANA E DOS AFRODESCENDENTES
840,2423 - CV - ICC/FCPC-REDE NACIONAL DE ENSINO E PESQUISA
841,2424 - CV - BNB/FCPC/UFC - EDICAO REVISTA DE CIENCIAS SOCIAIS
842,2426 - CT - EMBRAPA/LUCIMEIRE/FCPC/MANEJO DE ESPECIES DE FLORES
843,2427 - CV - HABITAFOR/FCPC - 01/2010
844,2428
845,2428 - CV - LG/UFC/FCPC - PLANO DE TRABALHO 06
846,2429 - CT - UFC/FCPC - CURSO DE PSICOLOGIA HOSPITALAR IV
847,2432 - CV - CIS/UFC/FCPC - TERMO ADITIVO 01
848,2434 - CV - SECITECE/CONTRAPARTIDA - SIBRATEC
849,2435 - CV -  INTELBRAS/FIT/UFC/FCPC - TERMO ADITIVO 01/2010
850,2435 - CV - INTELBRAS/FIT/UFC/FCPC - TERMO ADITIVO 01/2010
851,2438 - CT - 08/2010 TJ/FCPC - CRIAÇAO DO CENTRO CULTURAL DO PODER JUDICIARIO
852,2439 - CARTA FINNEO TRADING/FCPC - APLICACAO DE REDES NEURAIS
853,2441 - CV -  BEMATECH/UFC/FCPC - TERMO ADITIVO 04
854,2441 - CV - BEMATECH/UFC/FCPC - TERMO ADITIVO 04
855,2442 - CV - ITAITINGA/FCPC - PRONASCI
856,2443 - CT - IFET/FCPC-EDUCACAO DE JOVENS E ADULTOS NA DIVERSIDADE
857,2444 - CT - UFC/FCPC - ESPECIALIZACAO EM HEMATOLOGIA CLINICA
858,2445 - CV - UNIFOR/FCPC - PARTICIPACAO NA RNP
859,2446 - CT - IFET/FCPC-CURSO FORM.CONT.EDUCACAO DE JOVENS E ADULTOS
860,2450 - CT - UNESCO/FCPC-INCENTIVOS E BARREIRAS P/REALIZ.DO TESTE HIV
861,2452 - CV - 02/2010 - CAGECE/UFC/FCPC - PROCESSOS OXIDATIVOS AVANCADOS
862,2453 - CV - FINEP/FCPC-SISTEMA ILUMINACAO P.UTILIZANDO LEDS
863,2455 - CT -  IFCE/FCPC-INTEGRACAO DO IFCE NA RNP
864,2455 - CT - IFCE/FCPC-INTEGRACAO DO IFCE NA RNP
865,2456 - CT - UFC/FCPC - CURSO DE ESPECIALIZACAO EM EDUCACAO ESPECIAL
866,2460 - CV - BNB/FCPC - ESPACO PERMANENTE DE DEBATES DA CASA DE JOSE DE ALENCAR
867,2461 - CV - BNB/FCPC - PRODUCAO COLABORATIVA DE CONTEUDOS DIGITAIS
868,2462 - CV - BNB/FCPC - ALTA FREQUÊNCIA E IRRIGAÇÃO E UTILIZAÇÃO DE CORBETURAS
869,2464 - CV - BNB/FCPC - JUVENTUDE EM CENA - PROFISSIONALIZACAO EM AUDIOVISUAL
870,2465 - CT - FUNPEC/FCPC - LOCACAO DO BARCO PROF.MARTINS FILHO
871,2467 - CV -  FLEXTRONICS/UFC/FCPC - 4° TERMO ADITIVO
872,2467 - CV - FLEXTRONICS/UFC/FCPC - 4° TERMO ADITIVO
873,2471 - CT - UFC/FCPC - GRADUACAO EM LINGUA BRASILEIRA DE SINAIS
874,2472 - CV - FOXCONN/UFC/FCPC - PLANO DE TRABALHO 03
875,2474 - CT - PMF/CMF/PACTO POR FORTALEZA
876,2475 - CT - TULANE/FCPC - MSM BEHAVIORAL AND SEROLOGIC SERVEILLANCE
877,2477 - CT - UFC/FCPC - PORTAL DO PROFESSOR E BANCO INTERNACIONAL
878,2478 - CT - STDS/FCPC - SERVIÇOS PARA SEGMENTO DE OLEOS E GORDURAS RESIDUAIS
879,2480 - CV - BNB/FCPC - MOVIMENTO CRIATIVO  - CONSTRUINDO UMA JUVENTUDE
880,2481 - CV - BNB/ FCPC - A ECONOMIA DA SAUDE E DESENVOLVIMENTO NO NORDESTE DO BRASIL
881,2485 - CARTA ACORDO OPAS/FCPC-APOIO A ELAB.DOS PROJETOS ENTRE INSTITUICOES
882,2486 - CV -  FIT/FLEX/UFC/FCPC -TERMO ADITIVO 06
883,2486 - CV - FIT/FLEX/UFC/FCPC -TERMO ADITIVO 06
884,2487 - CARTA ACORDO/OPAS/FCPC-PRO-RESIDENCIA (REGIAO NORDESTE)
885,2488 - CARTA ACORDO/OPAS/FCPC-FORMACAO DE MEDICOS ESPECIALISTAS
886,2489 - CT - SEBRAE/FCPC/PRESTACAO DE SERVICOS
887,2491 - CT - ECOFIBRAS/EMBRAPA/FCPC - BENEFICIAMENTO DA CASCA DE COCO VERDE
888,2495 - CT - ARPUB/FCPC-I CONCURSO PREMIO ROQUETE PINTO
889,2498 - CT - SSPDS/FCPC - ANALISES DE INFORMACOES CRIMINAIS.
890,2499 - CT - UFC/FCPC - ESPECIALIZACAO EM ORTODONTIA
891,2500 - CT - UFC/FCPC - CURSO DE FARMACOLOGIA
892,2501 - CT - UFC/FCPC-CURSO DE MESTRADO PROF.EM ECON. DO SETOR PUBLICO
893,2502 - CV -  FIT/FLEX/UFC/FCPC - TERMO ADITIVO 05
894,2502 - CV - FIT/FLEX/UFC/FCPC - TERMO ADITIVO 05
895,2503 - CV - TROMPOWSKY/FCPC - PARTICIPACAO NA RNP
896,2504 - CV - BNB/FCPC - INCUBAÇÃO DE EMPREEDIMENTOS ECONÔMICOS SOLIDÁRIOS DE TRABALHADORES/EMPREENDEDORES
897,2505 - CV - BNB/FCPC - DIFUSAO DA PRODUCAO CIENTIFICA DA UFC - FASE II
898,2506 - CV - BNB/FCPC - CAPACITACAO EM TECNICAS E INSTRUMENTOS DE ELABORACAO
899,2507 - CT - UFC/FCPC - PROJETO SOFTWARE LUZ DO SABER
900,2508 - CV - BNB/FCPC - PROSPECCAO DE PROGRAMAS PARA APRESENTACAO DE PROJETOS
901,2509 - CV - BNB/FCPC - A TRANSNORDESTINA OS CANAIS DE AGUA DO SAO FRANCISCO
902,2510 - CV - BNB/FCPC - ECOBUSINESS 2010 - SEMINARIO NACIONAL SOBRE NEGOCIOS SUS
903,2513 - CV - BNB/FCPC/IOPEM - REDE DE QUALIFICACAO SOCIAL:NUCLEO JOAO XXIII
904,2514 - CV - BNB/FCPC/CEACI - REDE DE QUALIFICACAO SOCIAL:NUCLEO AEROLANDIA
905,2515 - CV - BNB/FCPC/CEIP - REDE QUALIFICACAO SOCIAL:NUCLEO ANTONIO BEZERRA
906,2516 - CV - BNB/FCPC/FAM - REDE DE QUALIFICACAO PROFISSIONAL - SAO MIGUEL
907,2517 - CV - BNB/FCPC - CURSO DE CAPACITACAO EM EMPREENDIMENTOS ECONOMICOS
908,2518 - CV - BNB/FCPC - REDE DE QUALIFICACAO SOCIAL E PROFISSIONAL: PIRAMBU
909,2520 - CV - BNB/FCPC - REDE SOCIAL DO MICROCREDITO
910,2521 - CV - BNB/FCPC - DO NORDESTE PARA PARIS: A SAGA DOS IMIGRANTES DESQUALIFI
911,"2522 - BNB/FCPC - REFORMA AGRÁRIA: REVERSÃO OU CONSOLIDAÇÃO? UM ESTUDO COMPARATIVO DOS ASSENTAMENTOS DE REFORMA AGRÁRIA DO CEARÁ, CHILE E PERU."
912,2523 - CV - BNB/FCPC - CAPACITAÇÃO DE LIDERANÇAS PARA UMA GOVERNANÇA DEMOCRÁTICA E UM EMPREENDEDORISMO COMUNITÁRIO.
913,2524 - CARTA PROTEUS/FCPC - X SBSEG
914,2525 - CV -  ERICSSON/UFC/FCPC - TERMO ADITIVO 11/2010
915,2525 - CV - ERICSSON/UFC/FCPC - TERMO ADITIVO 11/2010
916,2526 - CV -  ERICSSON/UFC/FCPC - TERMO ADITIVO 12/2010
917,2526 - CV - ERICSSON/UFC/FCPC - TERMO ADITIVO 12/2010
918,2527 - CV -  ERICSSON/UFC/FCPC - TERMO ADITIVO 13/2010
919,2527 - CV - ERICSSON/UFC/FCPC - TERMO ADITIVO 13/2010
920,"2528 - CV - BNB/FCPC - SEMINARIO DE INTEGRACAO DE TURISMO,CULTURA, GASTRONOMIA"
921,2529 - CV - BNB/FCPC - CICLOS POLÍTICOS NO CEARÁ: DESENVOLVIMENTO SOCIO-ECONOMI
922,2530 - CV - BNB/FCPC - ENCONTRO DA REDE PESQUISA EM DESIGUALDADE E POBREZA
923,2531 - CV - BNB/FCPC - PERFIL SOCIO-ECONOMICO DOS GRUPOS E ATIVIDADES
924,2532 - CV - BNB/FCPC/UFC - PORTAL GRANDES PROJETOS ESTRUTURANTES DO CEARA
925,2534 - CV - BNB/FCPC - REDE DE QUALIFICACAO SOCIAL: NUCLEO LAGAMAR
926,2535 - CV - HABITAFOR/FCPC-02/2010 -PLANO MUNIC.HABITACAO
927,2538 - CARTA - UFC/FCPC - INSCRIÇÕES SIMMCRI
928,2539 - CARTA - DOAÇÃO SIMMCRI
929,2541 - CV - SME/ FCPC - SIMBE 2010
930,2542 - CT - UFC/FCPC - CURSO DE ESPECIALIZAÇÃO EM PSICOMOTRICIDADE
931,2543
932,2543 - CT - UFC/FCPC - PROJETO FORMAÇAO DE PROFESSORES - PROINFANTIL
933,2544 - CT - UFC/FCPC - CURSO DE ESPECIALIZAÇÃO EM EDUCAÇÃO INFANTIL
934,2544 - CT. UFC/FCPC - CURSO DE ESPECIALIZAÇÃO EM EDUCAÇÃO INFANTIL
935,2545 - CT - UFC/FCPC - PROGRAMA CONEXOES DE SABERES
936,2547 - CT - UFC/FCPC - BIOE 2010
937,2548 - CV - HABITAFOR 03/2010-PLANEJAMENTO E VIABILIZACAO DE PROJETOS
938,2551 - CV - BNB/FCPC - PORTAL ECONOMETRIX
939,2552 - CV - BNB/FCPC - IX CURSO DE FORMACAO PARA JOVENS DO CAMPO
940,2553 - CV - BNB/FCPC - POLITICAS PUBLICAS E ACAO CIDADA PARA UM DESENVOLVIMENT
941,2554 - CT -  UFC/FCPC - BACHARELADO EM ADMINISTRACAO 8º/9º SEMESTRES
942,2554 - CT - UFC/FCPC - BACHARELADO EM ADMINISTRACAO 8º/9º SEMESTRES
943,2556 - CT - CGDT/FCPC - MONITORAMENTO E RASTREAMENTO VEICULAR
944,2559
945,2559 - CT - COGERH/FCPC - CONTRATAÇÃO DE SERVIÇOS TECNICOS
946,2560 - CT - UFC/FCPC - PROINFO 2010
947,2561-  CARTA RADIO UNIVERSITARIA APOIO CULTURAL
948,"2563 - CV - BNB/FCPC-GASTRONOMIA CEARENSE-MAR,SERRA E SERTÃO"
949,2564 -  CT. DOCAS/UFC/FCPC - DRAGAGEM DO PORTO DE FORTALEZA
950,2564 - CT - DOCAS/UFC/FCPC - DRAGAGEM DO PORTO DE FORTALEZA
951,2565 - CT - EMS/FCPC - ESTUDOS HIDROGEOLOGICOS
952,2566 - CT - UFC/FCPC - PROJOVEM CAMPO SABERES DA TERRA
953,2568 - CT - UFC/FCPC -CURSO ESPECIALIZACAO EM TECNOLOGIAS DA INFORMACAO
954,2569 - CT - UFC/FCPC - CURSO DE ESPECIALIZACAO EM GESTAO SOCIAL
955,2570 - CV - BNB/FCPC-SEM.INTERN.VIOL. E CONFLITOS SOCIAIS
956,2571 - CV - BNB/FCPC - PUBLICACAO DE LIVROS SERRAS UMIDAS E SUB-UMIDAS SECAS
957,2574 - CV - BNB/FCPC - PUBLICACAO DE LIVROS SEMI-ARIDOS E A ZONA LITORANEA
958,2577 - CV - BNB/FCPC-CURSO DE CAPACITAÇÃO EM INGLÊS NA ÁREA DE HOTELARIA E TURISMO EM ARACATI/CE
959,2578 - CV - BNB/FCPC-VIII JORNADA ECONOPET E V SEMINARIO CONJUNTURA ECONOMICA
960,2579 - CV - BNB/FCPC - ARTE COMO INDUTORA DE EMPREGO E RENDA DE ICAPUI-CE
961,2581 - CV - BNB/FCPC - PORTAL NORDESTE T I
962,2582 - CV - 119/2010 - SESA/FCPC - PERFIL EPIDEMIOLOGICO DA TUBERCULOSE
963,2583 - CV - BNB/FCPC - CONFERÊNCIA INTERNACIONAL SOBRE O USO DOS RESIDUOS SÓLIDOS URBANOS E RURAIS PARA GERAÇÃO DE ENERGIA CALORFICA E ELÉTRICA.
964,2586 - CT - BNB/FCPC - SIMPOSIO INTERNACIONAL MELHORES MEDICAMENTOS CRIANCAS
965,2587 - CARTA FCPC/BRASIL REAL - PROJETO AMBIENTAL PRAIA DO CUMBUCO
966,2588 - CT - CONCREMAT/FCPC - PESCA ARTESANAL
967,2589 - CT - IFCE/FCPC - TRADUCAO DE TEXTO EM BRAILE
968,2590 - CV - MINC/FCPC-BIBLIOGRAFIA COMENTADA DAS OBRAS J. DE ALENCAR
969,2592 - CT - UFC/FCPC - ESPECIALIZAÇÃO EM EDUCAÇÃO DO CAMPO - SABERES DA TERRA
970,2594 - CT - UFC/FCPC - NUCLEO DE REFERENCIA DE EDUCAÇÃO DE JOVENS E ADULTOS
971,2595 - CT - UFC/FCPC  VACINAS PROFILATICAS E TERAPEUTICAS CONTRA PAPILOMAVIRUS
972,2596 - CT - UFC/FCPC - REDE NORDESTE DE BIOTECNOLOGIA - RENORBIO
973,2597 - CV - BNB/FCPC/FCA - REDE DE QUALIFICACAO SOCIAL DE JOVENS ITAITINGA
974,"2598 - CV - BNB/FCPC-PUBLICACAO AVAL-REVISTA AVALIACAO POLITICAS UFC(3,4,5 E 6)"
975,2599 - CT - SME/FCPC- PREST.SERVICOS - DIRETRIZES C. DO ENSINO FUNDAMENTAL
976,2600 - CT - UFC/FCPC - RESIDENCIA MULTIPROFISSIONAL
977,2601 - CT - UFC/FCPC -CURSO CIRURGIA E TRAUMATOLOGIA BUÇO-MAXILO-FACIAL
978,2603 - CT -  UFC/FCPC - USO PEDAGOGICO DO LAPTOP EDUCACIONAL
979,2603 - CT - UFC/FCPC - USO PEDAGOGICO DO LAPTOP EDUCACIONAL
980,2604 - CV - FINEP/FCPC-CARCINICULTURA 09/2010
981,2606 - CV -  BEMATECH/UFC/FCPC - TERMO ADITIVO 05
982,2606 - CV - BEMATECH/UFC/FCPC - TERMO ADITIVO 05
983,2607 - CT - BNDES/UFC/FCPC - CONSTRUÇÃO DO CPDM
984,2607 - CT.BNDES/UFC/FCPC - CONSTRUÇÃO DO CPDM
985,2608 - CT - UFC/FCPC - ESPECIALIZAÇÃO EM EDUCAÇÃO ESPECIAL- AEE
986,2609 - CARTA ACORDO OPAS/FCPC-REVALIDACAO DE DIPLOMAS
987,2610 - CT -  UFC/FCPC - CURSOS DE GRADUACAO UAB 3º E 4º SEMESTRES
988,2610 - CT - UFC/FCPC - CURSOS DE GRADUACAO UAB 3º E 4º SEMESTRES
989,2611 - CV - BNB/UFC/FCPC-CONSTRUINDO SOLUÇÕES: RESÍDUOS SÓLIDOS URBANOS-CIDADES DE PEQUENO PORTE NO ESTADO DO CEARA.
990,2612 - CT - UFC/FCPC - CURSO DE EXTENSAO EM GASTRONOMIA/CULTURA FRANCESA
991,2613 - CT - UFC/FCPC - CURSO DE ATUALIZACAO EM ORTODONTIA
992,2615 - CT - UFC/FCPC - FOMENTO A PESCA E INOVAÇÃO NO ORDENAMENTO DA CADEIA PRODUTIVA DA LAGOSTA
993,2616 - CV -  FLEX/FIT/UFC/FCPC - TERMO ADITIVO 07
994,2616 - CV - FLEX/FIT/UFC/FCPC - TERMO ADITIVO 07
995,2617 - CV - DIGITRO/UFC/FCPC - TERMO ADITIVO 01/2011
996,2618 - CARTA ACORDO OPAS/FCPC-FAIMER (FASE I - 2011)
997,2619 - CT - UFC/FCPC - CURSOS DE GRADUACAO UAB - 5º E 6º SEMESTRES
998,2619 - CT. UFC/FCPC - CURSOS DE GRADUACAO UAB - 5º E 6º SEMESTRES
999,2620 - CT - ONS/FCPC - INCORPORACAO DE INFORMACOES CLIMATICAS
1000,2621 - CT - IPECE/FCPC - SERVIÇOS DE CONSULTORIA PARA AVALIAÇAO DE RESULTADOS
1001,2622 - CT - UFC/FCPC - CURSO DE ESPECIALIZAÇÃO EM PSICOLOGIA HOSPITALAR
1002,2623 - CV - BNB/FCPC-DNOCS:POLITICAS DE CONVIVENCIA COM O SEMIARIDO
1003,2624 - CV - BNB/FCPC - PROJETO AGENDA NORDESTE I
1004,2625 - CT - CPRM/UFC/FCPC - BACIA SEDIMENTAR DO PARNAIBA
1005,2627 - CV - BNB/FCPC-SEMANA GOURMET: ETAPA 1 - 2011
1006,2628 - CARTA SENAI/FCPC - EDUCACAO PROFISSIONAL DO SENAI
1007,2631 - CV - FLEX/FIT/UFC/FCPC - TERMO ADITIVO 08
1008,2632 - CT - UFC/FCPC - PROFESSORES DA EDUCACAO BASICA
1009,2633 - CV - BNB/FCPC-AVALIACAO TRANSFERENCIA TECNOLOGIA NO
1010,2634 - CT - UFC/FCPC - CURSO DE ESPECIALIZAÇÃO EM GESTÃO DE SISTEMAS E SERVIÇOS DE SAÚDE
1011,2635 - CT - UFC/FCPC - FORMACAO DE EDUCADORES E EDUCADORAS DO CAMPO DE JOVENS
1012,2636 - CT - UFC/FCPC - CURSO DE LICENCIATURA E BACHARELADO EM LETRAS LINGUA BR
1013,2637 - CT - UFC/FCPC - FASE III DO PROJETO NACIONAL DE TELESSAUDE EM APOIO A A
1014,2638 - CT - UFC/FCPC - PROJETO MONITORAMENTO DO PLANO DE AÇÕES ARTICULADAS -P
1015,2639 - CT - FAIMER/FCPC -FAIMER 2011
1016,2640 - CV - BNB/FCPC - CRESCIMENTO PRO-POBRE E EDUCACAO NO
1017,2642 - CV -  FOXCONN/UFC/FCPC - PLANO TRABALHO 04
1018,2642 - CV - FOXCONN/UFC/FCPC - PLANO TRABALHO 04
1019,2643 - CT - FCPC/UFC/UNIDADE DE PESQUISAS CLINICAS - DOENÇAS INFECCIOSAS - ETAPA 2
1020,2643 - CT. FCPC/UFC/UNIDADE DE PESQUISAS CLINICAS - DOENÇAS INFECCIOSAS - ETAPA 2
1021,2646 - CV - BNB/FCPC- UTILIZACAO DA MANIPUEIRA NA FABRICACA
1022,2647 - CV - BNB/FCPC-USO DA MANIPUEIRA COMO INSUMO AGRICOLA
1023,2648 - CV - BNB/EMBRAPA/FCPC-IDENTIFICACAO PLANTAS AROMATI
1024,2649
1025,2649 - CV - LG/UFC/FCPC - PLANO DE TRABALHO 07
1026,2650 - CT - BNB/FCPC - LEVANTAMENTO E COMPILACAO BASE DADOS AVALIACAO IMPACTO
1027,2652 - CV - SIEMENS/UFC/FCPC - TERMO ADITIVO 01
1028,2653 - CARTA ACORDO OPAS/FCPC-SESSOES PRESENCIAIS DE 2011
1029,2654 - CT - UFC/FCPC - PROJETO DO MODULO VI DO CURSO DE FORMAÇÃO ESCOLA ATIVA
1030,2655 - CV - INTERMED/UFC/FCPC - TERMO ADITIVO
1031,2656 - CV - DPM/UFC/FCPC - PLUVIOMETRO OPTICO
1032,2657 - CV - COMPALEAD/FIT/UFC/FCPC - TERMO ADITIVO 01
1033,2658 - CT - UFC/FCPC - PROJETO INTEGRALIDADE CURRICULAR
1034,2660 - CT - UFC/FCPC - PROGRAMA NACIONAL PRO-RESIDENCIA MEDICA
1035,2660 - CT. UFC/FCPC - PROGRAMA NACIONAL PRO-RESIDENCIA MEDICA
1036,2661 - CV - FINEP/FCPC-RECARGENA
1037,2664 - TERMO DE COOPERACAO ALFASOL/UFC/FCPC
1038,2665 - CT - UCB/FCPC - ESTUDO TOXICOLOGICO DA SUCUPIRA
1039,2666 - CARTA - INSCRICOES ESCOLA DE MODELOS DE REGRESSAO
1040,2668 - CV - BNB/UFC/FCPC - JOVENS E VIOLÊNCIA: DIAGNÓSTICO PARTICIPATIVO DO MNICIPIO DE ITAITINGA/CE
1041,2669 - CV - FLEX/FIT/UFC/FCPC - TERMO ADITIVO 09
1042,2670 - CV - FLEX/FIT/UFC/FCPC - TERMO ADITIVO 10
1043,2671 - CV - FLEX/FIT/UFC/FCPC - PLANO DE TRABALHO 12
1044,2672 - CV - FIT/FLEX/UFC/FCPC - PLANO DE TRABALHO 13
1045,2674 - CT - PETROBRAS/FCPC-ANALISES QUIM. EM FLUIDOS E PRO
1046,2675 - CARTA SBRN/FCPC - X CONGRESSO BRASILEIRO DE REDES
1047,2678 - CT - UFC/FCPC - II CURSO INTRODUTORIO EM SAUDE MENTAL DA INFANCIA E DA
1048,2682 - CT - SEINF/FCPC-QUALIFOR - FASE II
1049,2682 - CT. SEINF/FCPC-QUALIFOR - FASE II
1050,2684 - CV - BNB/FCPC-VIII SEMANA DE HUMANIDADES UFC/UECE E
1051,2685 - CT - IPM/FCPC - PROCESSO SELETIVO PARA CREDENCIAMEN
1052,2687 - CT - UFC/FCPC-CURSO DE MESTRADO PROF. ECON. FINANCAS
1053,2688 - CT - UFC/FCPC - CAPACITACAO DE SERVIDORES DO MRE
1054,2691 - CV - BNB/FCPC/EMBRAPA-I SIMPOSIO REVITALIZACAO DO C
1055,2692 - CV - BNB/FCPC - SIMPOSIO MIL CIDADES - SALVADOR -BA
1056,2693 - CV - BNB/FCPC - SIMPOSIO MIL CIDADES - SAO LUIS - M
1057,2695 - CT - INTERVET/FCPC - FLORFENICOL NO CAMARAO
1058,2696
1059,2696 - CT - UFC/FCPC - PROJETO DO MODULO VI DO CURSO DE FORMAÇÃO ESCOLA ATIVA
1060,2697 - CV - BNB/FCPC - CARACTERIZAÇÃO E ANALISE DO SISTEMA PRODUTIVO E MACROLOGISTICO NA REGIÃO NORDESTE ENQUANTO SUPORTE À LOCALIZAÇÃO DE EMPREENDIMENTOS FOCO NO PAPEL DA FERROVIA TRANSNORDESTINA
1061,2700 - BNB/FCPC-UM MODELO DINAMICO PARA A ATIVIDADE INDUSTRIAL DO NORDESTE BRASILEIRO E SUAS INTERDEPENDÊNCIAS REGIONAIS E EXTERNA
1062,2701 - CT - SRH/FCPC - MESTRADO EM GESTAO DE RECURSOS HIDRICOS
1063,2702 - BNB/FCPC-SEMANA GOURMET CASCAVEL 2011
1064,2703 - BNB/FCPC-ENCONTRO ENOGASTRONOMICO BRASIL PORTUGAL
1065,2704 - CV - BNB/FCPC/UFC - UM ESTUDO SOBRE O IMPACTO DO SISTEMA TRIBUTÁRIO BRASILEIRO NA DISTRIBUIÇÃO DE RENDA NO NORDESTE DO PAÍS
1066,2706 - CV - BNB/FCPC/UFC-ACOES INTEGRADAS DE APOIO A EXTENS
1067,"2711 - BNB/FCPC- X CURSO DA JUVENTUDE DO CAMPO: 10 ANOS DE LUTA, FORMAÇÃO E ORGANIZAÇÃO"
1068,2713 - CT - PETROBRAS/FCPC-IMPACTO AMBIENTAL
1069,2714 - CT - PETROBRAS/PROJETO ZUMBI
1070,2717 - CT - 04/2011 IMPARH/FCPC - FORMACAO EM ARTES NO EQU
1071,2718 - CV - DARUMA/UFC/FCPC - TERMO ADITIVO 02
1072,2720 - CV - BNB/FCPC- I CICLO DE ENCONTRO PESCA ARTESANAL E
1073,2721 - CV - CHIP/FCPC - APOLLO III
1074,2722 - CT - CHIP/FCPC - PROJETO CHIP
1075,2723 - CT - DOCAS/FCPC - LEVANTAMENTO DE CORRENTES
1076,2724 - CV - BEMATECH/UFC/FCPC - TERMO ADITIVO 06
1077,2726 - CT - 10/11 - ESPORTE/FCPC - VILAS OLIMPICAS CONJ. C
1078,2727 - ACORDO ANRS/FCPC - POPULACOES VULNERAVEIS
1079,2728 - CT - UFC/FCPC - TECNOLOGIAS DA INFORMACAO E COMUNIC
1080,2729 - CT - PETROBRAS/FCPC/PAT.MINC-MANUSCRITOS DE J. ALEN
1081,2731 - CV - CEGAS/FCPC - ESTUDO DE VIABILIDADE DA EXPANSAO
1082,2732 - CT - UFC/FCPC - CURSO DE ESPECIALIZACAO EM PSICOLOG
1083,2733 - CV - BNB/FCPC - VII ENCONTRO ECONOMIA DO CEARA EM DE
1084,2735 - CT - PATROCINIO/BNB- II COLOQUIO NACIONAL INDIVIDUO
1085,2736 - CARTA UFC/FCPC
1086,2744 - CV - BNB - O SEMI-ARIDO DO SECULO 21 - OS CAMINHOS D
1087,2746 - CT - UFC/FCPC - PROJETO ASSENTAMENTOS DIGITAIS - @A
1088,2747 - CT - UFC/FCPC - PROJETO QUALIFICACAO DAS ACOES DAS
1089,2748 - CT - UFC/FCPC - CAPACITACAO EM TERAPIA COMUNITARIA
1090,2749 - CV - LANDIS/UFC/FCPC - SISCOME 08
1091,2750 - CT - 53/2011 - SSPDS/FCPC - PRESTAÇÃO DE SERVIÇOS DE CONSULTORIA TECNIC
1092,2753 - BNB/FCPC - X CONGRESSO DE HISTORIA DA EDUCACAO DO
1093,2754 - CT - UFC/FCPC - ESPECIALIZACAO EM HEMATOLOGIA CLINI
1094,2756 - CV - BNB/FCPC - V ENCONTRO DE POLÍTICAS PUBLICAS E CRESCIMENTO ECONOMICO
1095,2757 - CT - EMBRAPA/UFC/FCPC - ACESSO A REDE NACIONAL DE ENSINO E PESQUISA
1096,2761 - CT - UFC/FCPC - CURSO DE ESPECIALIZACAO EM IMPLANTO
1097,"2762 - CV - BNB/FCPC - INOVAÇÃO SOCIAL, COMÉRCIO JUSTO E SUSTENTABILIDADE"
1098,2764 - CARTA - UFC/FCPC - SEMANA DO SERVIDOR
1099,2765 - CT - UFC/FCPC/UNILAB - PROJETO ECOSS: CENTRO DE REFERENCIA EM EDUCAÇAO
1100,2766 - CT BNB/FCPC - AVALIAÇÃO DOS IMPACTOS MACROECONOMICOS
1101,2768 - CV BNB/FCPC - SEMANA GOURMET CAUCAIA 2011
1102,2769 - CV - BNB/FCPC - DESENVOLVIMENTO EM HOSPITALIDADE PAR
1103,2770 - CARTA UFC/FCPC - CURSO DE FERIAS/CASA DE CULTURA P
1104,2776 - TERMO DE COOP.PETROBRAS/UFC/FCPC PROJETO GEOFMEL
1105,2778 - CV - BNB/FCPC - II COLOQUIO NACIONAL:INDIVIDUO E EDUCAÇÃO NO CONTEXTO DA CRISE DO CAPITALISMO
1106,2781 - CV - BNB/FCPC - III SEMINARIO INTERNACIONAL VIOLÊNCIA E CONFLITOS SOCIAIS
1107,2782 - CV - FURUKAWA/UFC/FCPC - 1º TERMO ADITIVO
1108,2783 - CT - UFC/FCPC - PROCAMPO - OBSERVATORIO DA EDUCACAO
1109,2785 - CT - UFC/FCPC - PORTAL DO PROFESSOR E BANCO INTERNA
1110,2786 - CT - SEDUC BAHIA/FCPC - AVALIE ALFA
1111,2787 - CT - UFC/FCPC – CURSO DE PSICOLOGIA HOSPITALAR – TURMA VII
1112,2788 - CV - FIT/FLEX/UFC/FCPC - TERMO ADITIVO 14
1113,2789 - CV - BEMATECH/UFC/FCPC - TERMO ADITIVO 07
1114,2790 - CV - JABIL/UFC/FCPC - TERMO ADITIVO 16
1115,"2791 - CT -  UFC/FCPC – IMPLANTAÇÃO DE OFERTA DOS CURSOS DE GRADUAÇÃO DA UAB/UFC, 1º E 2º SEMESTRES 2011.1, PARTE I"
1116,"2791 - CT - UFC/FCPC – IMPLANTAÇÃO DE OFERTA DOS CURSOS DE GRADUAÇÃO DA UAB/UFC, 1º E 2º SEMESTRES 2011.1, PARTE I"
1117,2793 - CV - BNB/FCPC - IX JORNADA ECONOPET E VI SEMINÁRIO DE CONJUNTURA ECONÔMICA - POLÍTICAS PÚBLICAS: AVALIAÇÕES E PROPOSTAS
1118,2794 - CARTA ACORDO OPAS/FCPC- PRO-SAUDE 3ª FASE
1119,2795 - CT - UFC/FCPC - CAPACITACAO DA JUVENTUDE RURAL CEAR
1120,"2799 - CT - UFC/FCPC – IMPLANTAÇÃO DE OFERTA DOS CURSOS DE GRADUAÇÃO DA UAB/UFC, 1º E 2º SEMESTRES PARTE II"
1121,2800 - CT - UFC/FCPC – CONTINUIDADE DOS CURSOS DE GRADUAÇÃO DA UAB/UFC 7º E 8º SEMESTRES – PARTE I
1122,2805 - CV - THINKTECH/UFC/FCPC - 1º TERMO ADITIVO
1123,2806 - CV - COMPALEAD/UFC/FCPC - 2º TERMO ADITIVO
1124,2807 - CV - LG/UFC/FCPC - PLANO DE TRABALHO 08
1125,2808 - CV - SMART/UFC/FCPC - 1 TERMO ADITIVO
1126,2809 - CV - THINKTECH/UFC/FCPC - 2 TERMO ADITIVO
1127,2810 - CV - KLD/UFC/FCPC - TERMO ADITIVO 01
1128,2812 - CV - HP BRASIL/UFC/FCPC - HP 044/2012 - 1º TERMO AD
1129,2813 - CV -  HP BRASIL 017/2012 - 2º TERMO ADITIVO
1130,2813 - CV - HP BRASIL 017/2012 - 2º TERMO ADITIVO
1131,2814 - CV - FURUKAWA/UFC/FCPC - 2º TERMO ADITIVO
1132,2815 - CV - COMPAL/UFC/FCPC - TERMO ADITIVO 03
1133,2816 - CV - FURUKAWA/UFC/FCPC - 3º TERMO ADITIVO
1134,2817 - CV - SME/FCPC - INFORMATICA EDUCATIVA - FASE II
1135,2818 - CT - INTEGRAL/UFC/FCPC - DESEMPENHO DE RACOES PARA
1136,2819 - TERMO COOPERACAO ALFASOL/UFC/FCPC - CULTIVO DA ALGA GRACILARIA
1137,2821 - CARTA CREA/FCPC - MUSEU INTERATIVO DE TECNOLOGIA D
1138,2822 - CV - BNB/FCPC - DESENVOLVIMENTO LOCAL: UMA ALTERNATIVA PARA O AVANÇO DE POLITICAS SOCIAIS NO COMBATE A POBREZA
1139,2823 - CV - BNB/FCPC - ONDA LER: BIBLIOTECA E LEITURA CONST
1140,2824 - CV - TERMO ADITIVO PADTEC/UFC/FCPC
1141,2825 - CT - UFC/FCPC – INQUERITO NACIONAL DE SAÚDE NA POPULAÇÃO PENITENCIÁRIA FEMININA E DE SERVIDORAS PRISIONAIS
1142,2826 - CT - BNDES/FCPC-CRESCIMENTO ECONOMICOS
1143,2828 - CV - COMPAL/UFC/FCPC - TERMO ADITIVO 04
1144,2830 - CV - BNB/FCPC - PROJETO DE PESQUISA PARA ELABORAÇÃO DO PLANO DE ERRADICAÇÃO DA EXTREMA POBREZA DO MUNICIPIO DE SOBRAL/CE
1145,2831 - CV - FINEP/FCPC - RIMEC  IMPLANTAÇÃO E CONS. DA REDE TEMAT.INSUMO FARMACÊUTICO
1146,2832 - CARTA ACORDO OPAS/FCPC - APOIO AO DESEN.PROFAPS RA
1147,2833 - CT - UFC/FCPC - FORMAÇÃO DE DOCENTES NOS NÍVEIS DE MESTRADO E DOUTORADO
1148,2834 - CV - FOXCONN/UFC/FCPC - PLANO DE TRABALHO 05
1149,2835 - CT - 004/2012  - ESPORTE/FCPC - VILAS OLIMPICAS
1150,2837 - CV - BNB/FCPC-GESTAO PARTICIPATIVA DEMOCRATICA ESCOL
1151,"2838 - CV - BNB/FCPC - COLOQUIO INTERNACIONAL MERCADO DE TRABALHO, TRABALHADOR POBRE, PROTEÇÃO SOCIAL E ENFRENTAMENTO DA POBREZA NOS CONTEXTOS DO BRASIL E CANADA."
1152,2841 - CT - PETROBRAS/FCPC-RESER HIBRIDOS DE MAT.COMPOSITO
1153,2842 - CV - BNB. 3º SIMPOSIO INTERNACIONAL PESQUISA EDUCACA
1154,2844 - CARTA UFC/FCPC - XI CONGRESSO DE HISTORIA DA EDUCA
1155,2845 - CT - UFC/FCPC - CURSO DE MESTRADO PROFISSIONAL EM EC
1156,2846 - CT - UFC/FCPC - CURSO DE MESTRADO PROFISSIONAL EM EC
1157,2847 - CT - UFC/FCPC - CURSO DE MESTRADO PROF. EM GESTAO D
1158,2849 - CV - BNB/FCPC - DESENVOLVIMENTO EM HOSPITALIDADE PARA O MUNICIPIO DE ICAPUÍ/CE
1159,2850 - CT - ISOFARMA/FCPC - ESTACAO DE TRATAMENTO DE EFLUE
1160,2851 - CT - EVIALIS/FCPC/CRESCIMENTO DO CAMARAO BRANCO
1161,2852 - CT - UFC/FCPC - PROJETO NACIONAL DE TELESSAUDE EM APOIO À ATENÇÃO BÁSICA - NÚCLEO DO CEARÁ
1162,2854 - CV - BNB/FCPC/UFC - II ENCONTRO DE FINANÇAS E ECONOMIA DA UFC NO CAMPUS SOBRAL
1163,2855 - CV - BNB/FCPC- FESTIVAL DE GASTRONOMIA DE ICAPUÍ - 2012
1164,2857 - CV - BNB/FCPC- TRAJETÓRIAS DE DESENVOLVIMENTO E DESIGUALDADES SALARIAIS NAS REGIÕES DO BRASIL
1165,2858 - CT - UFC/FCPC - 3ª OFERTA CICLO AVANCADO MIDIAS NA
1166,2859 - CT - UFC/FCPC - USO PEDAGOGICO DO LAPTOP EDUCACIONA
1167,2860 - CT - UFC/FCPC - FORMACAO DAS INSTITUICOES DE ENSINO
1168,2862 - CT - UFC/FCPC - RESIDENCIA INTEGRADA MULTIPROFISSIO
1169,2863 - CT - UFC/FCPC - CURSO DE ESPECIALIZACAO EM TECNOLOGI
1170,2865 - CT - PORTO PECEM/FCPC - ANALISES DE CARACTER. FISIC
1171,2866 - CARTA UFC CURSO DE PORTUGUES PARA ESTRANGEIRO
1172,2868 - CARTA.UFC/FCPC - I ENCONTRO SOBRE GRAMATICAS: SABE
1173,2869 - CV - STDS/FCPC - ARTICULACAO COM O MERCADO DE TRABA
1174,2872 - CT - UFC/FCPC - CURSO DE ESP. EM ANALISES CLINICAS
1175,2873 - CV - WEG/UFC/FCPC - TERMO ADITIVO 01
1176,2874 - CV - COELCE/FCPC - LUZ SOLIDARIA
1177,2876 - CV - ERICSSON/UFC/FCPC - TERMO ADITIVO 15/2012 (UFC
1178,2877 - CV - ERICSSON/UFC/FCPC - TERMO ADITIVO 16/2012 (UFC 34)
1179,2877 - CV. ERICSSON/UFC/FCPC - TERMO ADITIVO 16/2012 (UFC 34)
1180,2878 - CV - ERICSSON/UFC/FCPC - TERMO ADITIVO 17/2012 (UFC
1181,2880 - CV - UFC/FCPC - BEMATECH INNOVATION 8º TERMO ADITIV
1182,2882 - CT - PATROCINIO/BNB-III SEMINARIO INTERNACIONAL HIST
1183,2883 - FCPC - 32 ENCONTRO NACIONAL DE PESSOAL E DE R.HUMA
1184,2884 - CV - THINKTECH/UFC/FCPC - PRIMEIRO TERMO ADITIVO
1185,2885 - CT - UFC/FCPC - CURSO DE PSICOLOGIA HOSPITALAR - TURMA 8
1186,2886 - COGERH/FCPC – REQUALIFICAÇÃO DAS AÇÕES DE GERENCIAMENTO DOS RECURSOS HÍDRICOS DO ESTADO DO CEARÁ
1187,2886 - CV - COGERH/FCPC-REQUALIFICACAO TEC. DAS ACOES DE G
1188,2887 - CARTA FCPC/UFC - 8º CONPSI
1189,2890 - CT - 58/2012 - SSPDS/FCPC - PRESTACAO DE SERVICOS D
1190,2891 - CT - PETROBRAS/FCPC - PRESTACAO DE SERVICOS
1191,2892 - CT - PETROBRAS/FCPC - REINJEÇÃO PERIFÉRICA
1192,2893 - CEPISA/FCPC - PESQUISA E DESENVOLVIMENTO
1193,2894 - CT - UFC/FCPC - CAPACITACAO DOS SERVIDORES DO MRE
1194,2895 - CT - SEDUC BAHIA/FCPC - AVALIE ALFA
1195,2896 - CV - FURUKAWA/UFC/FCPC - QUARTO TERMO ADITIVO
1196,2898 - CT - UFC/FCPC - MESTRADO PROFISSIONAL EM ECONOMIA D
1197,2899 - CT - COPETEC - GECOM 417/2012 - RESIDUO SOLIDOS DOS
1198,2900 - CV - SMART/UFC/FCPC - 2º TERMO ADITIVO
1199,2902 - CT - UFC/FCPC - RESIDENCIA INTEGRADA MULTIPROFFIONA
1200,2903 - CT - FIT/FCPC - SMART WASTE
1201,2904 - CV - FOXCONN/UFC/FCPC - 1º TERMO ADITIVO
1202,2905 - CT - FCPC/SEJUS - PROJETO CENSO PENITENCIARIO
1203,2906 - CV - COMPAL/UFC/FCPC - 5º TERMO ADITIVO
1204,2907 - CV - LG/UFC/FCPC - PLANO DE TRABALHO 09
1205,2908 - CT - 94/2012 - IFCE/FCPC-CURSO DE DOCENCIA E CURRIC
1206,2909 - CT - 92/2012 - IFCE/FCPC-CURSO  DE POS-GRAD. EM TUR
1207,2911 - CV - FENIX/UFC/FCPC - 1º TERMO ADITIVO
1208,2912 - CV - FENIX/UFC/FCPC - 2º TERMO ADITIVO
1209,2913 - CT - UFC/FCPC - MANUTENÇÃO DO NUCLEO DO CINEMA DE ANIMAÇAO DA CASA AMARELA EUSELIO OLIVEIRA DA UFC - NUCA
1210,2914 - CT - UFC/FCPC - CURSO DE ESPECIALIZACAO EM HEMATOLO
1211,2915 - CV - BNB/FCPC - VIII ENCONTRO ECONOMIA DO CEARÁ EM DEBATES
1212,2916 - CV - COMPAL/FIT/UFC/FCPC - 6º TERMO ADITIVO
1213,2917 - CT - UFC/FCPC - CURSO DE ATUALIZAÇÃO EM ORTODONTIA PREVENTIVA
1214,2918 - CT - UFC/FCPC - PROJETO PORTAL ENSINO MEDIO EM DIALOGO - ARTICULANDO
1215,2919 - CV - ASGA/UFC/FCPC - COOPERACAO TECNICA
1216,2921 - CT - UFC/FCPC - MISSAO TECNICO-CIENTIFICA COMERCIAL
1217,2922 - CT - PETROBRAS - PROJETO AMBES
1218,2922 - CT.PETROBRAS - PROJETO AMBES
1219,2923 - CT - UFC/FCPC - PROJETOS PILOTO EM ESCOLAS PUBLICAS
1220,2924 - CT - UFC/FCPC - IMPLANTACAO E OFERTA DOS CURSOS DE GRADUACAO DA UAB/UFC 2012
1221,2925 - CT - FAIMER/FCPC - FAIMER
1222,2925 - CT. FAIMER/FCPC - FAIMER
1223,2926 - CART ACORDO OPAS/FCPC - SESSOES PRESENCIAIS DE 201
1224,2927 - CT - UFC/FCPC-AS NANOPARTICULAS INDUZEM NEURODEGENE
1225,2928 - CV - BEMATECH/UFC/FCPC - 10º TERMO ADITIVO
1226,2929 - CT - UFC/FCPC - PRO-LETRAMENTO - PACTO NACIONAL PEL
1227,2930 - CT - UFC/FCPC - ATENDIMENTO EDUCACIONAL ESPECIALIZADO - AEE
1228,2931 - CT - UFC/FCPC - CURSO DE ESPECIALI. EM EPIDEMIOL. E
1229,2932 - CV - WINCOR-NIXDORF/UFC/FCPC - PRIMEIRO TERMO ADITI
1230,2933 - CT - UFC/FCPC – SISTEMA CONTINUO DE MONITORAMENTO D
1231,2936 - CT - UFC/FCPC – SERVICO APOIO E EXECUCAO DO PROJETO
1232,2938 - CV - POSITIVO/UFC/FCPC - 1º TERMO ADITIVO
1233,"2939 - CT - UFC/FCPC - LABORATÓRIO DE JUVENTUDE, EDUCAÇÃO E TRABALHO - LABJUV"
1234,"2939 - CT. UFC/FCPC - LABORATÓRIO DE JUVENTUDE, EDUCAÇÃO E TRABALHO - LABJUV"
1235,2940 - CT - UFC/FCPC - PROJETO ONDAS CIDADAS - QUALIFICACA
1236,2942 - CV - LANDIS/UFC/FCPC - 2º TERMO ADITIVO
1237,2943 - CT - EVONIK/FCPC - EFEITO BIOLOGICO DO MetMet EM CA
1238,2943 - CT EVONIK/FCPC - EFEITO BIOLOGICO DO MET EM CAMARÕES
1239,2945 - CARTA ACORDO OPAS/FCPC FAIMER 2014
1240,2946 - CT - UFC/FCPC CURSO DE ESPECIALIZAÇÃO EM DOCÊNCIA NA EDUCAÇÃO INFANTIL
1241,2947 - CV - HITACHI/UFC/FCPC - 1º TERMO ADITIVO
1242,2948 - CV - IBRAMED/UFC/FCPC - 1º TERMO ADITIVO
1243,2949 - CARTA ACORDO OPAS/FCPC-BASES P/CONST. DE N.PRATICA
1244,2950 - CV - HP/UFC/FCPC - 3º TERMO ADITIVO
1245,2951
1246,2951 - CV - FOXCONN/UFC/FCPC - PLANO DE TRABALHO 06
1247,2952 - CT - 004/2013 - ESPORTE/FCPC - VILAS OLIMPICAS
1248,2953 - CV - BRASCONTROL/UFC/FCPC - 1º TERMO ADITIVO
1249,2954 - CV - SCHNEIDER/UFC/FCPC - 1º TERMO ADITIVO
1250,2955 - CV - LG/UFC/FCPC - PLANO DE TRABALHO 10
1251,2956 - CV - MXT/UFC/FCPC - 1º TERMO ADITIVO
1252,2957 - CV - LENOVO/UFC/FCPC - TERMO ADITIVO 001/2013
1253,2958 - CV - LENOVO/UFC/FCPC - TERMO ADITIVO 002/2013
1254,2960 - CV - SIEMENS/UFC/FCPC - 2º TERMO ADITIVO
1255,2961 - CV - HP/UFC/FCPC - 4º TERMO ADITIVO
1256,2962 - CV - ATLANTICO/FCPC - PARTICIPACAO NA RNP
1257,2962 - CV. INSTITUTO ATLÂNTICO/FCPC - PARTICIPAÇÃO NA RNP
1258,2963 - CT - UFC/FCPC - REGULAMENTO DO PLANO DE BENEFICIOS
1259,2964 - CT - UNILAB/FCPC - CURSO DE FORMAÇÃO CIDADÃ E AGROECOLOGICA
1260,2965 - ACORDO FAO/UFC/FCPC - AQUACULTURA PARA SEGURANCA A
1261,2968 - CT - UFC/FCPC-SELECAO PUBLICA P/COMPOSICAO DO B.DE
1262,2971 - CV - LG/UFC/FCPC - TERMO ADITIVO Nº 12
1263,2972 - CARTA FIT/FCPC - PROJETO JINSHAN
1264,2974 - CT - UFC/FCPC - BACHARELADO EM JORNALISMO - JORNALIS
1265,2975 - CT - RNP/FCPC - MANUTENCAO E OPERACAO DO POP-CE
1266,2975 - CT RNP/FCPC - MANUTENÇÃO E OPERAÇÃO DO POP-CE
1267,2976 - CV - FOXCONN/UFC/FCPC - PLANO DE TRABALHO 07
1268,2977 - ACORDO DE CONSULTORIA APPALACHIAN STATE UNIVERSITY/FCPC
1269,2980 - TERMO DE COOPERACAO UNICEF/FCPC -
1270,"2982 - CT - UFC/FCPC - CURSO DE ESPECIALIZAÇÃO, PESQUISA E INOVAÇÃO EM SAÚDE DA FAMÍLIA"
1271,2983 - CT - UFC/FCPC - PLANO DE BENEFICIOS DO PODER EXECUT
1272,2985 - CT - FCPC/PETROBRAS/UFC-REFINARIA PREMIUM DO CEARÁ
1273,2986 - CV - FURUKAWA/UFC/FCPC - 6º TERMO ADITIVO
1274,2987 - CT - UFC/FCPC -CURSO DE ESP. EM ENDODONTIA
1275,2988 - CV - BEMATECH/UFC/FCPC - 11º TERMO ADITIVO
1276,2989 - CT - INVIVO/FCPC - DESEMPENHO DO CAMARAO EM REGIME
1277,2990 - CV - INTERMED/UFC/FCPC - 2º TERMO ADITIVO
1278,2991 - CV - UFC/FCPC/SICONV -REALIZACAO DA CONFERENCIA DA
1279,2992 - CV - SMART/UFC/FCPC - 3º TERMO ADITIVO
1280,2993 - CV - UFC/FCPC - REFORMULACAO DO MATERIAL DIDATICO DA
1281,2994 - CV - UFC/FCPC CURSO DE ESPECIALIZAÇÃO EM COORDENAÇÃO PEDAGÓGOCA
1282,2995 - FCPC/SSPDS - Prestacao de servicos de consultoria
1283,2996 - TERMO DE COOPERACAO ASGA/UFC/FCPC
1284,2998 - CV - UFC - SICONV PRODUÇÃO DE VIDEO  AULAS ESCOLA DE GESTORES
1285,3000 - TC -  PETROBRAS/FCPC-REVESTIMENTO DE SOLDAGEM
1286,3000 - TC - PETROBRAS/FCPC-REVESTIMENTO DE SOLDAGEM
1287,3001 - CT - PHB/FCPC - AVALIACAO ZOOTECNICA DO USO DO BIOC
1288,3002 - 2º TERMO ADITIVO AO CONVENIO SCHNEIDER ELETRIC IT
1289,3003 - CT - SEFAZ/FCPC-CURSOS NA MODAL. DISTANCIA P/SERV. SEFAZ
1290,3004 - CV - DIGITRO/UFC/FCPC - 1º TERMO ADITIVO
1291,3005 - CV - IBRAMED/UFC/FCPC - 2 TERMO ADITIVO
1292,3006 - CV - IBRAMED/UFC/FCPC - 3 TERMO ADITIVO
1293,3007 - CV - QUANTA/UFC/FCPC - 2º TERMO ADITIVO
1294,3008 - CV - HI-MIX/UFC/FCPC - 1º TERMO ADITVO
1295,3009 - UFC/FCPC-PROGRAMA NACIONAL ESCOLA DE GESTORES DA EDUCAÇÃO BÁSICAS:CURSO DE ESPECIALIZAÇÃO EM GESTÃO ESCOLAR
1296,3010 - CV - SEFIN/FCPC-NORMAS BRASILEIRAS DE CONTABILIDADE
1297,"3011 - CTFCPC/UFC/LABOMAR - PROMOCAO, DIVULGACAO E RASTRE"
1298,3014 - CV - UFC/FCPC - FORMAÇÃO CONTINUADA DE DIRIGENTES MUNICIPAIS DE EDUCAÇÃO - PRADIME
1299,3016 - Carta-FCPC/UFC- 5ª Conferencia Internacional de Ps
1300,3017 - CT - UFC/FCPC - SELEÇÃO DAS CASAS DE CULTURA 2014.1
1301,3020 - CT - UFC/FCPC-CAPACITAÇÃO EM ATENÇÃO A SAÚDE DA CRIANÇA
1302,3020 - CT.UFC/FCPC-CAPACITAÇÃO EM ATENÇÃO A SAÚDE DA CRIANÇA
1303,3022 - CT - UFC/FCPC - CURSO DE ESPECIALIZAÇÃO EM SAUDE DA FAMILIA
1304,3022 - CT.UFC/FCPC - CURSO DE ESPECIALIZAÇÃO EM SAUDE DA FAMILIA
1305,3024 - CT - UFC/FCPC - CURSO DE RESIDENCIA MULTIPROFISSIONAL E EM AREA PROFISSIONAL DA SAUDE - RESMULT 2014
1306,3025 - CT-FCPC/QUIXERAMOBIM - CONCURSO PUBLICO DA PREFEITURA DE QUIXERAMOBIM
1307,3026 - CARTA ACORDO OPAS/FCPC-COMISSAO DE AVAL.TEC. EM SA
1308,3028 - UFC/FCPC - GESTAO ESTRATEGICA E REGIONALIZACAO: FORTALECER A ARTICULAÇÃO INTERFEDERATIVA E PARTICIPAÇÃO NO SISTEMA UNICO DE SAUDE
1309,3029 - TERMO DE COOPERACAO FLEX/FIT/UFC/FCPC - SGPPD
1310,3030 - CV LANDIS/UFC/FCPC - SISCOME 10
1311,3031 - CURSO DE FORMAÇÃO ALUNO INTEGRADO DA SECRETAIA DE EDUCAÇÃO BASICA (SEB/MEC)
1312,3032 - CV - SICONV - FORMAÇÃO CONTINUADA EM CONSELHOS ESCOLARES
1313,3033 - CARTA ACORDO UNODC/FCPC-PREVENCAO E CONTROLE DAS D
1314,3034 - CV - SECULT/FCPC - TRES PONTAS: ESPETACULO CENICO M
1315,3035 - CT - UFC/FCPC-CASA AMARELA-CINEMA VIDEO E FOTOGRAFIA 2014.1
1316,3036 - CV - HITACHI/FIT/UFC/FCPC - 2º TERMO ADITIVO
1317,3037 - CV - ASGA/UFC/FCPC - 3º TERMO ADITIVO
1318,3039 - CV - ROCKWELL/UFC/FCPC - 4º TERMO ADITIVO
1319,3040 - CT - CEARAPORTOS/FCPC - MONITORAMENTO AMBIENTAL DA AMPLIACAO DO TERMINA
1320,3041 - CV - HP/UFC/FCPC - 5º TERMO ADITIVO
1321,3042 - CARTA/LABOMAR/COGERH- ANALISES
1322,3043 - CARTA/FCPC-II ENCONTRO DA LINHA DE PESQUISA EDUCACAO CURRICULO ...
1323,3044 - TERMO DE COOPERACAO WINCOR/UFC/FCPC
1324,3045 - CV - APPLE/IFCE/FCPC - PROJETO BEPiD
1325,3045 - CV. APPLE/IFCE/FCPC - BEPID
1326,3046 - TERMO DE COOPERACAO FURUKAWA/UFC/FCPC
1327,3047 - TERMO DE COOPERACAO HENRY/UFC/FCPC
1328,3048 - TERMO DE COOPERACAO SMART/UFC/FCPC
1329,3049 - CV - FLEX/FIT/UFC/FCPC - AMPLIACAO DO LSBD
1330,3050 - CT - PREFEITURA DE HORIZONTE/FCPC
1331,3051 - TERMO DE COOPERACAO SCHNEIDER/UFC/FCPC
1332,3052 - TERMO DE COOPERACAO LG/UFC/FCPC - PT 12
1333,3053 - TERMO DE COOPERACAO LG/UFC/FCPC - PT 13
1334,3054 - CV -  HP/UFC/FCPC - CLARINET 2014
1335,3054 - CV - HP/UFC/FCPC - CLARINET 2014
1336,3055 - CV - FLEX/FIT/UFC/FCPC - CAPACITACAO EM DISPOSITIVO
1337,3056 - TERMO DE COOPERACAO POLIBRAS/UFC/FCPC
1338,3057 - CT. PETROBRAS/FCPC - REFINARIA PREMIUM II
1339,3057 - PETROBRAS/FCPC - SERVIÇOS DE ELABORAÇÃO DE ESTUDO PARA LICENCIAMENTO AMBIENTAL DAS INSTALAÇÕES DE EXTRA MUROS DA REFINARIA PREMIUM II
1340,3058 - TC - UNIFY/UFC/FCPC-PROJETO SOFTDSP
1341,3059 - CV LENOVO/UFC/FCPC
1342,3060 - CV - FINEP/FCPC/POLIBRAS - POLIVOICE
1343,3060 - CV. FINEP/FCPC/POLIBRAS - POLIVOICE
1344,3062 - TC - BEMATECH/UFC/FCPC
1345,3062 - TC. BEMATECH/UFC/FCPC
1346,3063 - CT - UFC/FCPC - CONCURSO PARA ASSISTENTE ADMINISTRATIVO DA UFC
1347,3064 - CT - CV COUROS/FCPC - PRESTACAO DE SERVICOS
1348,3065 - CV - FINEP/FCPC - AQUASENSE
1349,3066 - UFCA/FCPC - CONCURSO PUBLICO PARA PREENCHIMENTO DE VAGAS PARA CARGOS TECNICO-ADMINISTRATIVO DA UNIVERSIDADE FEDERAL DO CARIRI
1350,3067 - IFCE/FCPC - EXPANSÃO DO NUCLEO DE INCLUSÃO E ACESSIBILIDADE VIRTUAL DO IFCE
1351,3068 - IFCE/FCPC - CURSO POLEDUC - MESTRADO PROFISSIONAL EM POLITICAS E GESTÃO DA EDUCAÇÃO SUPERIOR
1352,3069 - CT - 10/2014 - SSPDS/FCPC - SERVICOS DE ASSESSORIA
1353,3070 - TERMO DE COOPERACAO LG/UFC/FCPC - PT 14
1354,3071 - II ENCONTRO SOBRE GRAMATICA
1355,3073 - CT - CNPEM/FCPC-SERVIÇOS DE SOLDAGEM EM AÇO INOXIDAVEL
1356,3074 - UFC/FCPC - CASAS DE CULTURA 1º SEMESTRES E TESTE DE NIVEL
1357,3075 - CV FURUKAWA/IFCE/FCPC - MRP VIEWER
1358,3076 - TC - LG/UFC/FCPC
1359,3076 - TC. LG/UFC/FCPC
1360,3077 - CT - CGEE/FCPC
1361,3078 - CT - DSM/FCPC - EFEITO DE UMA PROTEASE COMERCIAL RO
1362,3080 - CARTA ACORDO OPAS/FCPC - I CONGRESSO BRAS. DE ASSI
1363,3082 - CT - PEDRA BRANCA/FCPC - CONCURSO PUBLICO
1364,3084 - CARTA FCPC - XIX TISE
1365,"3085 - UFC/FCPC - CURSO DE LICENCIATURA INTERCULTURAL INDIGENA DAS ETNIAS PITAGUARY, TAPEBA, KANINDÉ, JENIPAPO-KANINDÉ E ANACÉ – LII - PITAKAJÁ"
1366,3086 - CT - CENPEC/FCPC - PRETACAO DE SERVICOS
1367,3088 - TC LG/UFC/FCPC - PROJETO HPE
1368,3089 - TERMO DE COOPERACAO LG/UFC/FCPC - PROJETO TMO
1369,3090 - UFC/FCPC - THE NETWORK - ENCONTRO EDUCACIONAL INTERNACIONAL
1370,3091 - CT - FCPC/AGROPOLOS - ELABORACAO DE PLANOS DE NEGOC
1371,3092 - CARTA ACORDO PNUD/FCPC - ADAPTACAO AS MUDANCAS DO
1372,3093 - TC - SCHNEIDER/UFC/FCPC - LABVIEW II
1373,3093 - TC. SCHNEIDER/UFC/FCPC - LABVIEW II
1374,3094 - CT - FCPC/UFC FASE V DO PROGRAMA NACIONAL TELESSAUDE BRASIL REDES
1375,3095 - TERMO DE COOPERACAO IBRAMED/UFC/FCPC
1376,3096 - TERMO DE COOPERACAO IBRAMED/UFC/FCPC
1377,3097 - TERMO DE COOPERACAO IBRAMED/UFC/FCPC
1378,3098 - CT - FCPC/IPLANFOR - PLANO ESTRATÉGICO FORTALEZA 2040
1379,3098 - CT. FCPC/IPLANFOR - PLANO ESTRATÉGICO FORTALEZA 2040
1380,3099 - CV - ERICSSON/UFC/FCPC (UFC 42)
1381,3100 - CV - ERICSSON/UFC/FCPC - (UFC 40)
1382,3101 - CV - ERICSSON/FCPC/UFC - (UFC 41)
1383,3102 - CT - PREFEITURA SOBRAL/FCPC - PROUCA
1384,3103 - CT - ELETROSUL/FCPC-NOVAS GEOMETRIAS E MATERIAIS PARA TRANSFORMADORES
1385,3103 - CT. ELETROSUL/FCPC-NOVAS GEOMETRIAS E MATERIAIS PARA TRANSFORMADORES
1386,3104 - TERMO DE COOPERACAO LG/UFC/FCPC
1387,3105 - TC - LG/UFC/FCPC - IOT
1388,3105 - TC. LG/UFC/FCPC - IOT
1389,3106 - TC - LG/UFC/FCPC - MPOS
1390,3107 - CT - CGEE/FCPC - MAPEAMENTO DAS AREAS VULNERÁVEIS
1391,3108 - TC - LG/UFC/FCPC - BIG DATA
1392,3109 - ACORDO UNICEF/FCPC - MEIO DE CAMPO
1393,"3110 - IFCE/FCPC - PRESTAÇÃO DE SERVIÇOS -APOIO AO ENSINO, PESQUISA E EXTENSÃO P/VIABILIZAR A PRODUÇÃO, EDITORAÇÃO E REVISÃO DO CONTEÚDO VOLTADO EAD NA ÁREA DE GESTÃO DE PROJETOS EM RECURSOS HIDRICOS"
1394,3111 - CT - SESA/FCPC - HORTO DE PLANAS MEDICINAS - FARMA
1395,3111 - CT - SESA/FCPC - HORTO DE PLANTAS MEDICINAIS
1396,"3112 - UFC/FCPC - SELEÇÃO PARA ACESSO AS CASAS DE CULTURA ESTRANGEIRA DA UFC, SEMESTRE I E TESTE DE NIVEL PARA OS DEMAIS SEMESTRES"
1397,3114 - TC FURUKAWA/UFC/FCPC
1398,3115 - TERMO DE COOPERACAO QUANTA/UFC/FCPC
1399,3116 - TC - COMPALEAD/UFC/FCPC - DIAGNÓSTICO DE TESTE UEFI
1400,3117 - CT UFC/FCPC - RESMULTI 2015
1401,3118 - CT IFCE/FCPC - ACESSO A RNP
1402,3120 - CV - DATACOM/IFCE/FCPC
1403,3122 - CT - UFC/FCPC - ESTRUTURAÇÃO DO COMITÊ GESTOR DE FORMAÇÃO INICIAL E CONTINUADA
1404,3123 - CV - LG/IFCE/FCPC - RECONHECIMENTO DE ATENCAO
1405,3124 - CT - FCPC/CONCURSO BOA VIAGEM
1406,3127 - CT - AGROPOLOS/FCPC - ELABORACAO DE UM PLANO DE NEG
1407,3128 - CV - INTERMED/UFC/FCPC
1408,3129 - CT - UFC/FCPC - PREVIDENCIA COMPLEMENTAR DO ESTADO
1409,3130 - CV - LENOVO/IFCE/FCPC
1410,3131 - CV - ELETRA/IFCE/FCPC
1411,3132 - CT - BANCO MUNDIAL/FCPC - PROGRAMA REGIONAL PILOTO
1412,3133 - TERMO DE COOPERACAO HENRY/UFC/FCPC
1413,3134 - TERMO DE COOPERACAO HENRY/UFC/FCPC
1414,3136 - CT - UFC/FCPC-PUBLICIDADE INFANTIL EM TEMPOS DE CON
1415,3139 - CV - HP/UFC/FCPC - UEFI DOPPLER AD 2015
1416,3140 - CV LANDIS/UFC/FCPC - SISCOME 11
1417,3141 - CT - UFC/FCPC-CURSO DE APERFEIÇOAMENTO P/ GESTORES PÚBLICOS MUNICIPAIS DE CULTURA DAS REGIÕES SUL E CENTRO SUL DO CEARÁ
1418,3142 - TC - UNICEF/FCPC
1419,"3143 - TC - LG/UFC/FCPC - MOBILE, TOOLS & CAS"
1420,3144 - TC - LG/UFC/FCP - NLP MOBILE
1421,3145 - CT - AGROPOLOS/FCPC-PLANO DE NEGÓCIOS-PROJETO SÃO JOSÉ III
1422,3146 - TC - PETROBRAS/UFC/FCPC-ONTOLOGIA DOS DADOS GEOLÓGICOS GERADOS EM POÇOS DE E&P
1423,3147 - TC - FURUKAWA/UFC/FCPC - SOFTWARE DE GERENCIAMENTO DE SUCATAS
1424,3148 - CT - UFC/FCPC-SELECAO CASAS DE CULTURA UFC TESTE DE
1425,3149 - CT - RNP/FCPC-ASSOCIAÇÃO DAS PIONEIRAS SOCIAIS
1426,3151 - TC - DIGITRO/UFC/FCPC - CAIT
1427,3153 - CT - UFC/FCPC-SISTEMA NACIONAL DE VIGILANCIA EM SAUDE
1428,3154 - TC - IBRAMED/UFC/FCPC - PLATAFORMA INTEGRADA DE ANÁLISE E GESTÃO
1429,3155 - CARTA FCPC - SINATS - SIMPOSIO NACIONAL DO TERCEIR
1430,3156 - TC - LENOVO/UFC/FCPC - LDIAG CLOUD
1431,3157 - CT IFCE/FCPC - PRESTAÇÃO DE SERVIÇOS-CURSO DE FORMAÇÃO DE ESPECIALISTA NA ÁREA DE ORIENTAÇÃO E MOBILIDADE
1432,3158 - CT - OEI/FCPC - LUZES PARA APRENDER
1433,"3159 - CT - PREST. SERV. CSP/FCPC - OFICINAS, ENCONTROS TEMÁTICOS E/OU PALESTRAS"
1434,3160 - CT -  SANDRA/FCPC - INOVAÇÃO EM MATERIAS E MÉTODOS PARA MELHORIA DA QUALIDADE DAS MISTURAS ASFÁLTICAS NO ESTADO CEARÁ
1435,3160 - CT - SANDRA/FCPC - INOVAÇÃO EM MATERIAS E MÉTODOS PARA MELHORIA DA QUALIDADE DAS MISTURAS ASFÁLTICAS NO ESTADO CEARÁ
1436,3161 - CT - UFC/FCPC - CONCURSO PUBLICO PARA CARGOS TECNICO ADMINISTRATIVO DA UFC
1437,3162 - CT - UFC/FCPC -INQUERITO NACIONAL DE SAUDE NA POPUL
1438,3163 - FCPC - PROJETOS CULTURAIS
1439,3163 - FCPC ADM2
1440,3164 - TC SMART/UFC/FCPC
1441,3165 - CV - DATACOM/IFCE/FCPC
1442,3166 - TC - HITACHI/FIT/UFC/FCPC - HDS OPENSTACK
1443,3167 - CV. CEA/IFCE/SISTEMA REMOTO DE MONITORAMENTO DE PONTOS QUENTES
1444,3167 - IFCE/FCPC - EXPANSÃO DO NUCLEO DE INCLUSÃO E ACESSIBILIDADE VIRTUAL DO IFCE
1445,3168 - TC - SCHNEIDER/UFC/FCPC
1446,3169 - TC HI-MIX/UFC/FCPC - DESENVOLVIMENTO DE PLACAS PLUGIN
1447,"3170 - CV - CEA/IFCE/FCPC-SISTEMA PARA BALANCEAMNTO AUTOMATICO DE CARGA, EM TEMPO REAL P/REDE DE BAIXA TENSÃO"
1448,"3170 - CV.CEA/IFCE/FCPC-SISTEMA PARA BALANCEAMNTO AUTOMATICO DE CARGA, EM TEMPO REAL P/REDE DE BAIXA TENSÃO"
1449,3172 -  CT.  UFC/FCPC NUFACE
1450,3173 - TC - COMPALEAD/UFC/FCPC
1451,3173 - TC. COMPALEAD/UFC/FCPC
1452,3174 - CT - UFC/FCPC-CURSO ESCOLA DA TERRA
1453,"3175 -  CT.UFC/FCPC-CURSO DE ESPECIALIZAÇÃO EM EDUCAÇÃO,POBREZA E DESIGUALDADE SOCIAL"
1454,"3175 - CT - UFC/FCPC-CURSO DE ESPECIALIZAÇÃO EM EDUCAÇÃO,POBREZA E DESIGUALDADE SOCIAL"
1455,3176 - CT - UFC/FCPC-PROJETO CIÊNCIA E EXPERIÊNCIA NO SABER E NO FAZER DA REFORMA AGRÁRIA
1456,3177 - TC - FURUKAWA/UFC/FCPC
1457,3178 - CT - UFC/FCPC-FARMACIA ESCOLA
1458,3178 - CT.UFC/FCPC-FARMACIA ESCOLA
1459,3179 - CT - UFC/FCPC- CURSO DE PREVENÇÃO CONTRAS AS DROGAS
1460,3180 - CT - FCPC/UFC - OLHO D AGUA ESCOLARIZANDO JOVENS E
1461,3181 - CT - FCPC/UFC - APOIO A SEGURANÇA ALIMENTAR E NUTRICIONAL NO AMBIENTE E ESCOLAR
1462,3181 - CT. FCPC/UFC - APOIO A SEGURANÇA ALIMENTAR E NUTRICIONAL NO AMBIENTE E ESCOLAR
1463,3182 - CT - FCPC/UFC - CURSO DE EXTENSAO A DISTANCIA FORMACAO CONTINUADA EM CONSELHO ESCOLAR
1464,3182 - CT.UFC/FCPC - CURSO DE EXTENSAO A DISTANCIA FORMACAO CONTINUADA EM CONSELHO ESCOLAR
1465,3183 - CT - FCPC/UFC - CURSO DE FORMAÇAO DE PROFESSORES DA SECADI/MEC
1466,3183 - CT. FCPC/UFC - CURSO DE FORMAÇAO DE PROFESSORES DA SECADI/MEC
1467,3184 - CT - FCPC/UFC - CURSO DE FORMAÇÃO CONTINUADA DE PROFESSORES E COORDENADORES PEDAGOGICOS DO ENSINO MEDIO
1468,3184 - CT. FCPC/UFC - CURSO DE FORMAÇÃO CONTINUADA DE PROFESSORES E COORDENADORES PEDAGOGICOS DO ENSINO MEDIO
1469,3185 - CT - INVIVO/FCPC
1470,3186 - CT - FCPC/UFC - CURSO DE CAPACITAÇÃO PARA GESTORES PUBLICOS DE CULTURA
1471,3186 - CT. FCPC/UFC - CURSO DE CAPACITAÇÃO PARA GESTORES PUBLICOS DE CULTURA
1472,3187 - CT - FCPC/UFC - CURSO PACTO NACIONAL PELA ALFABETIZAÇÃO NA IDADE CERTA
1473,3187 - CT. FCPC/UFC - CURSO PACTO NACIONAL PELA ALFABETIZAÇÃO NA IDADE CERTA
1474,3188 - CT - FCPC/UFC - MESTRADO PROFISSIONAL EM ECONOMIA DO SETOR PUBLICO
1475,3188 - CT. FCPC/UFC - MESTRADO PROFISSIONAL EM ECONOMIA DO SETOR PUBLICO
1476,3189 - TC - BEMATECH/UFC/FCPC
1477,3190 - CV ELETRA/IFCE/FCPC - SISTEMA DE MONITORAMENTO ÓPTICO
1478,3191 - TC FURUKAWA/UFC/FCPC - SISTEMA DE GESTÃO DE PRODUÇÃO DE FIBRAS
1479,"3192 -  CT. UNESCO/UFC/FCPC - SERVIÇOS DE CONSULTORIA - COMPORTAMENTO, ATITUDES PRATICAS E PREVALENCIA DE VIRUS DA IMUNODEFICIÊNCIA HUMANA (HIV), SIFILIS E HEPATITE B E C ENTRE HOMENS QUE FAZEM SEXO COM HOMENS."
1480,"3192 - UNESCO/UFC/FCPC - SERVIÇOS DE CONSULTORIA - COMPORTAMENTO, ATITUDES PRATICAS E PREVALENCIA DE VIRUS DA IMUNODEFICIÊNCIA HUMANA (HIV), SIFILIS E HEPATITE B E C ENTRE HOMENS QUE FAZEM SEXO COM HOMENS"
1481,3195 - CT - TEREOS/FCPC - EFEITOS DE UMA FARINHA DO GLUTEN DE TRIGO
1482,3196 - CT - UFC/FCPC-CASAS DE CULTURA UFC-TESTE DE NIVEL 2016.1
1483,3197 - CV - HP/UFC/FCPC - UEFI DOPPLER AD 2016
1484,3198 - CT - TRANA/FCPC
1485,3199 - TC HI-MIX/UFC/FCPC - DESENVOLVIMENTO DE DRIVERS
1486,3201 - TC SMART/UFC/FCPC - DESENVOLVIMENTO DE UM SISTEMA DE AUTOMOÇÃO
1487,3202 - ACORDO RARE/UFC/FCPC
1488,3202 - ACORDO RARE/UFC/FCPC - PROGRAMA PESCA PARA SEMPRE
1489,3203 - TC - SWEDA/UFC/FCPC
1490,3204 - TC - GNATUS/UFC/FCPC
1491,3205 - TC LANDIS/UFC/FCPC - FERRAMENTAS DE SUPORTE A SISTEMA DE MEDIÇÃO INTELIGENTE DE ENERGIA
1492,3206 - TC DABI ATLANTE/UFC/FCPC
1493,3207 - TC IBRAMED/UFC/FCPC - PLATAFORMA IBRAMED CLIENTES
1494,3208 - CT - UFC/FCPC - I SIMPOSIO DE GESTÃO DO ESPORTE EM UNIDADES ESPORTIVAS
1495,3211 - CT -  EVONIK/FCPC
1496,3211 - CT - EVONIK/FCPC
1497,3211 - CT. EVONIK/FCPC
1498,3212 - CT AB VISTA/FCPC
1499,3212 - CT AB VISTA/FCPC-PRESTAÇÃO DE SERVIÇOS
1500,3213 - CT - UFC/FCPC - CONCURSO PUBLICO P/ SELEÇÃO DE SERVIDORES TÉCNICO-ADMINISTRATIVO
1501,3213 - CT. UFC/FCPC - CONCURSO PUBLICO P/ SELEÇÃO DE SERVIDORES TÉCNICO-ADMINISTRATIVO
1502,3214 - CT UNIFOR/FCPC - PARTICIPAÇÃO NA RNP
1503,3216 - TC LENOVO/UFC/FCPC - DIAG CLOUD 2016
1504,3217 -  CT. INOVAEDUC/FCPC - MAIS LEITOS - GESTÃO CLINICA DOS PACIENTES
1505,3217 - CT - INOVAEDUC/FCPC - MAIS LEITOS - GESTÃO CLINICA DOS PACIENTES
1506,3218 - CT - UFC/FCPC - SELEÇÃO CASAS DE CULTURA 2016.2
1507,3219 - CARTA FCPC/PROAQUA
1508,3222 - CT - UFC/FCPC - CONCURSO PUBLICO P/SELEÇÃO DE SERVIDORES
1509,3222 - CT. UFC/FCPC - CONCURSO PUBLICO P/SELEÇÃO DE SERVIDORES
1510,3223 - CT - INOVAFIT/FCPC-PRESTAÇÃO DE SERVIÇOS P/DESELVER UMA SOLUÇÃO
1511,3224 - TC SMART/UFC/FCPC - DESENVOLVIMENTO DE UM SISTEMA DE DETECÇÃO DE FALHA SMART RMA F_2
1512,3225 - TC HITACHI/FCPC/UFC-HDS/OPENSTACK 2016
1513,3226 - TC INTERMED/UFC/FCPC
1514,3227 -  CT. UFC/FCPC - RESMULT 2016
1515,3227 - CT - UFC/FCPC - RESMULT 2016
1516,3230 - TC - FURUKAWA/UFC/FCPC - SISTEMA INFORMATIZADO DE FERRAMENTAS VERSÃO II
1517,3230 - TC. FURUKAWA/UFC/FCPC - SISTEMA INFORMATIZADO DE FERRAMENTAS VERSÃO II
1518,3231 - CT. UFC/FCPC -  CURSO DE LII PITAKAJA
1519,3232 - CT. LALLEMAND/FCPC - DESEMPENHO ZOOTÉCNICO DO CAMARÃO BRANCO
1520,3235 - TC - SCHNEIDER/UFC/FCPC - ATUALIZAÇÃO TECNOLÓGICA EM NOBREAKS
1521,3235 - TC. SCHNEIDER/UFC/FCPC - ATUALIZAÇÃO TECNOLÓGICA EM NOBREAKS
1522,3236 - ACORDO COOPERAÇÃO BAYER/FCPC POLINIZAÇÃO DE CULTURAS AGRICOLAS NO BRASIL
1523,3238 - DOAÇÃO UFC
1524,3239 - CT - UFC/FCPC - PARFOR
1525,3242 - CT. ASSOCIAÇÃO DAS PIONEIRAS/FCPC - PARTICIPAÇÃO NA RNP
1526,3243 - CARTA ACORDO OPAS/FCPC-FAIMER 2017
1527,3244 - CT. UFC/FCPC-PNAIC
1528,3245 - CT. UFC/FCPC- OFERTA DOS CURSOS DE GRADUAÇÃO À DISTÂNCIA OFERTADOS PELA UFC COM A UAB 2016 - 2017
1529,3246 - CT. UFC/FCPC- OFERTA DOS CURSOS DE GRADUAÇÃO À DISTÂNCIA OFERTADOS PELA UFC COM A UAB
1530,3247 - CT. UFC/FCPC - MESTRADO PROFISIONAL EM LETRAS - PROFLETRAS
1531,3248 -   CT.UFC/FCPC  -PNAE
1532,3249 - CT.UFC/FCPC - MULHERES ATINGIDAS POR BARRAGENS
1533,3250 - CT.UFC/FCPC-ESCOLA DA TERRA
1534,"3251 -  CT.UFC/FCPC - CURSO DE ESP. EM CIDADANIA, DIREITOS HUMANOS E SEGURANÇA PUBLICA"
1535,3252 - EVENTO VII JUBRA
1536,"3253 - TC. LG/UFC/FCPC - MOBILE, TOOLS & CAS"
1537,3254 - CT. ZEIGLER/FCPC
1538,3255 - CT. ICC/FCPC - ACESSO A RNP
1539,3256 - TC. DIGITRO/UFC/FCPC - MODELO PARA DISCADOR PREDITIVO
1540,3257 - CT.IFCE/FCPC-PROEDU
1541,3258 - CV.DPM/IFCE/FCPC-CONTRAPARTIDA - EMBRAPII
1542,3259 -  CV.EMBRAPII/IFCE/FCPC-ANEMÔMETRO ULTRASSONICO
1543,3260 -  CV.EMBRAPII/IFCE/FCPC - SISTEMA DE COMUNICAÇÃO DE DADOS PARA DISPOSITIVOS IOT
1544,3261 -  CV. W3SAT/IFCE/FCPC-CONTRAPARTIDA
1545,3262 -  CT.UFC/FCPC-SELEÇÃO PARA AS CASAS DE CULTURA
1546,3263 - TC. FLEXTRONICS/UFC/FCPC
1547,3264 - TC. FURUKAWA/UFC/FCPC
1548,3265 - ACORDO DE COOPERAÇÃO INTERCEMENT/ALGAE/UFC/FCPC
1549,3266 - TC.RENDA FLORESTAL/FCPC-DESENVOLVIMENTO DE PRODUTOS
1550,3267 - CT. BANCO MUNDIAL/FCPC - GESTÃO DA PREPARAÇÃO PARA A SECA NO ESTADO DE SÃO PAULO
1551,3268 - CT. ELETROACRE/IFCE/FCPC - SISTEMA REMOTO DE ANÁLISE CONTÍNUA DO ESTADO OPERACIONAL  DE EQUIPAMENTO DE ALTA TENSÃO ATRAVÉS DO MONITORAMENTO DE OLEO ISOLANTE VIA IMPEDANCIA ELETRICA EM RADIO FREQUENCIA
1552,3269 - CT. ABAGRI/FCPC - PROTEÍNAS ALTERNATIVAS EM RAÇÕES DE CAMARÃO
1553,3270 - TC IBRAMED/UFC/FCPC
1554,3271 - TC. LANDIS/UFC/FCPC - FERRAMENTAS DE SUPORTE A SISTEMA DE MEDIÇÃO INTELIGENTE DE ENERGIA
1555,3272 - CT. MOBIT/FCPC - JUNTAS ADMINISTRATIVAS DE RECURSOS DE INFRAÇÕES
1556,3273 - CT. FEEDSAGRISOLUTIONS/FCPC
1557,3274 - TC. EXATRON/UFC/FCPC
1558,3276 - TERMO DE PARCERIA IPADE/FCPC
1559,3277 - CV. BEMATECH/IFCE/FCPC - PLATAFORMA DE SERVIÇOS P/HARDWARE
1560,3278 - CV.EMBRAPII/IFCE/FCPC-PLATAFORMA DE SERVIÇOS PARA HARDWARE BEMATECH
1561,3279 - TC. FURUKAWA/UFC/FCPC
1562,3280 - CV. MOBIT/IFCE/FCPC/CONTRAPARTIDA-CORUJA
1563,3281 - CV.EMBRAPII/IFCE/FCPC-CORUJA
1564,3284 - CV.EMBRAPII/IFCE/FCPC-TOTENS
1565,3285 - CV.RUBERT/IFCE/FCPC-CONTRAPARTIDA TOTENS
1566,3286 -  IX ENFARUNI
1567,3287 - TC. LENOVO/UFC/FCPC - CLOUD DIAGS
1568,3289 - CT.UFC/FCPC-CASAS DE CULTURA 2017.2
1569,3291 - XVI CONGRESSO DE HISTÓRIA DA EDUCAÇÃO DO CEARÁ
1570,3292 - CT.PATHFIND/FCPC/DESENVOLVIMENTO DE METODOS AGEIS
1571,3293 - TC. COMPALEAD/UFC/FCPC
1572,3294 - FCPC/CURSO DE EXTENSÃO FORMAÇÃO PESSOALEM PSICOMOTRICIDADE RELACIONAL
1573,3295 - CT. UFC/FCPC/CURSO DE ESP.EM CIDADANIA
1574,3296 - TC. LENOVO/UFC/FCPC - UEFI POC
1575,3297 - CT.UFC/FCPC - PARFOR
1576,3300 - CT.UFC/FCPC-CONCURSO PUBLICO UFC 2017
1577,3320 - CV.EMBRAPII/IFCE/FCPC-SISTEMA DE GESTÃO E CONTROLE DE MICROGERAÇÃO DISTRIBUÍDA
1578,3327 - CV. EMBRAPII/IFCE/FCPC-SOLUÇÃO PARA GESTÃO DA RASTREABILIDADE INDUSTRIAL
1579,nan
